timestamp,temperature_c
2026-06-14 01:18:12,25.56
2026-06-14 01:18:42,25.56
2026-06-14 01:19:12,25.5
2026-06-14 01:38:42,25.44
2026-06-14 01:39:12,25.38
2026-06-14 01:39:42,25.31
2026-06-14 01:40:12,25.38
2026-06-14 01:40:42,25.31
2026-06-14 01:41:12,25.31
2026-06-14 01:41:42,25.19
2026-06-14 01:42:12,25.12
2026-06-14 01:42:42,25.06
2026-06-14 01:43:12,25.06
2026-06-14 01:43:42,25.06
2026-06-14 01:44:12,25.06
2026-06-14 01:44:42,25.06
2026-06-14 01:45:12,25.06
2026-06-14 01:45:42,25.12
2026-06-14 01:46:12,25.19
2026-06-14 01:46:42,25.19
2026-06-14 01:47:12,25.12
2026-06-14 01:47:42,25.12
2026-06-14 01:48:12,25.06
2026-06-14 01:48:42,25.06
2026-06-14 01:49:12,25.06
2026-06-14 01:49:42,25.0
2026-06-14 01:50:12,25.0
2026-06-14 01:50:42,25.12
2026-06-14 01:51:12,25.06
2026-06-14 01:51:42,24.94
2026-06-14 01:52:12,24.94
2026-06-14 01:52:42,24.94
2026-06-14 01:53:12,25.06
2026-06-14 01:53:42,25.06
2026-06-14 01:54:12,25.12
2026-06-14 01:54:42,25.19
2026-06-14 01:55:12,25.12
2026-06-14 01:55:42,25.06
2026-06-14 01:56:12,25.0
2026-06-14 01:56:42,25.0
2026-06-14 01:57:12,25.0
2026-06-14 01:57:42,25.0
2026-06-14 01:58:12,25.06
2026-06-14 01:58:42,25.0
2026-06-14 01:59:12,24.94
2026-06-14 01:59:42,24.88
2026-06-14 02:00:12,24.94
2026-06-14 02:00:42,24.88
2026-06-14 02:01:12,24.88
2026-06-14 02:01:42,24.88
2026-06-14 02:02:12,24.94
2026-06-14 02:02:42,24.94
2026-06-14 02:03:12,24.94
2026-06-14 02:03:42,24.94
2026-06-14 02:04:12,24.94
2026-06-14 02:04:42,25.0
2026-06-14 02:05:12,25.0
2026-06-14 02:05:42,25.0
2026-06-14 02:06:12,25.0
2026-06-14 02:06:42,25.0
2026-06-14 02:07:12,25.0
2026-06-14 02:07:42,25.0
2026-06-14 02:08:12,25.06
2026-06-14 02:08:42,25.0
2026-06-14 02:09:12,25.06
2026-06-14 02:09:42,25.06
2026-06-14 02:10:12,25.06
2026-06-14 02:10:42,25.12
2026-06-14 02:11:12,25.06
2026-06-14 02:11:42,25.06
2026-06-14 02:12:12,25.06
2026-06-14 02:12:42,25.06
2026-06-14 02:13:12,25.0
2026-06-14 02:13:42,25.0
2026-06-14 02:14:12,25.06
2026-06-14 02:14:45,25.12
2026-06-14 02:15:12,25.12
2026-06-14 02:15:42,25.12
2026-06-14 02:16:12,25.19
2026-06-14 02:16:42,25.19
2026-06-14 02:17:12,25.12
2026-06-14 02:17:42,25.12
2026-06-14 02:18:12,25.12
2026-06-14 02:18:42,25.06
2026-06-14 02:19:12,25.0
2026-06-14 02:19:42,25.0
2026-06-14 02:20:12,25.06
2026-06-14 02:20:42,25.06
2026-06-14 02:21:12,25.06
2026-06-14 02:21:42,25.12
2026-06-14 02:22:12,25.12
2026-06-14 02:22:42,25.06
2026-06-14 02:23:12,25.06
2026-06-14 02:23:42,25.0
2026-06-14 02:24:12,25.0
2026-06-14 02:24:42,25.06
2026-06-14 02:25:12,25.0
2026-06-14 02:25:42,25.06
2026-06-14 02:26:12,25.06
2026-06-14 02:26:42,25.06
2026-06-14 02:27:12,25.12
2026-06-14 02:27:42,25.12
2026-06-14 02:28:12,25.06
2026-06-14 02:28:42,25.0
2026-06-14 02:29:12,25.06
2026-06-14 02:29:45,25.0
2026-06-14 02:30:12,25.0
2026-06-14 02:30:42,25.0
2026-06-14 02:31:12,25.0
2026-06-14 02:31:42,25.0
2026-06-14 02:32:12,24.94
2026-06-14 02:32:42,24.94
2026-06-14 02:33:12,24.88
2026-06-14 02:33:42,24.88
2026-06-14 02:34:12,24.88
2026-06-14 02:34:42,24.88
2026-06-14 02:35:12,24.88
2026-06-14 02:35:42,24.75
2026-06-14 02:36:12,24.75
2026-06-14 02:36:42,24.88
2026-06-14 02:37:12,24.94
2026-06-14 02:37:42,24.88
2026-06-14 02:38:12,24.88
2026-06-14 02:38:42,24.88
2026-06-14 02:39:12,24.94
2026-06-14 02:39:42,24.94
2026-06-14 02:40:12,24.94
2026-06-14 02:40:42,24.94
2026-06-14 02:41:12,24.81
2026-06-14 02:41:42,24.75
2026-06-14 02:42:12,24.69
2026-06-14 02:42:42,24.62
2026-06-14 02:43:12,24.5
2026-06-14 02:43:45,24.31
2026-06-14 02:44:12,24.25
2026-06-14 02:44:42,24.31
2026-06-14 02:45:12,24.38
2026-06-14 02:45:42,24.38
2026-06-14 02:46:12,24.44
2026-06-14 02:46:42,24.5
2026-06-14 02:47:12,24.56
2026-06-14 02:47:42,24.62
2026-06-14 02:48:12,24.56
2026-06-14 02:48:42,24.62
2026-06-14 02:49:12,24.69
2026-06-14 02:49:42,24.69
2026-06-14 02:50:12,24.81
2026-06-14 02:50:42,24.81
2026-06-14 02:51:12,24.81
2026-06-14 02:51:42,24.81
2026-06-14 02:52:12,24.75
2026-06-14 02:52:42,24.69
2026-06-14 02:53:12,24.62
2026-06-14 02:53:42,24.69
2026-06-14 02:54:12,24.69
2026-06-14 02:54:42,24.75
2026-06-14 02:55:12,24.75
2026-06-14 02:55:42,24.81
2026-06-14 02:56:12,24.81
2026-06-14 02:56:42,24.81
2026-06-14 02:57:12,24.81
2026-06-14 02:57:42,24.81
2026-06-14 02:58:12,24.81
2026-06-14 02:58:45,24.81
2026-06-14 02:59:15,24.75
2026-06-14 02:59:42,24.75
2026-06-14 03:00:12,24.75
2026-06-14 03:00:42,24.69
2026-06-14 03:01:12,24.69
2026-06-14 03:01:42,24.62
2026-06-14 03:02:12,24.62
2026-06-14 03:02:42,24.62
2026-06-14 03:03:12,24.62
2026-06-14 03:03:42,24.62
2026-06-14 03:04:12,24.62
2026-06-14 03:04:42,24.69
2026-06-14 03:05:12,24.62
2026-06-14 03:05:42,24.69
2026-06-14 03:06:12,24.62
2026-06-14 03:06:42,24.69
2026-06-14 03:07:12,24.69
2026-06-14 03:07:42,24.69
2026-06-14 03:08:12,24.69
2026-06-14 03:08:42,24.69
2026-06-14 03:09:12,24.69
2026-06-14 03:09:42,24.69
2026-06-14 03:10:12,24.69
2026-06-14 03:10:42,24.69
2026-06-14 03:11:12,24.69
2026-06-14 03:11:42,24.69
2026-06-14 03:12:12,24.75
2026-06-14 03:12:42,24.56
2026-06-14 03:13:12,24.5
2026-06-14 03:13:42,24.5
2026-06-14 03:14:12,24.56
2026-06-14 03:14:42,24.56
2026-06-14 03:15:12,24.56
2026-06-14 03:15:42,24.62
2026-06-14 03:16:12,24.69
2026-06-14 03:16:42,24.69
2026-06-14 03:17:12,24.62
2026-06-14 03:17:42,24.62
2026-06-14 03:18:12,24.56
2026-06-14 03:18:42,24.44
2026-06-14 03:19:12,24.25
2026-06-14 03:19:42,24.06
2026-06-14 03:20:12,23.94
2026-06-14 03:20:42,23.94
2026-06-14 03:21:12,23.94
2026-06-14 03:21:42,24.06
2026-06-14 03:22:12,24.0
2026-06-14 03:22:42,24.0
2026-06-14 03:23:12,24.06
2026-06-14 03:23:42,24.06
2026-06-14 03:24:12,24.12
2026-06-14 03:24:42,24.12
2026-06-14 03:25:12,24.19
2026-06-14 03:25:42,24.12
2026-06-14 03:26:12,24.12
2026-06-14 03:26:42,24.12
2026-06-14 03:27:12,24.12
2026-06-14 03:27:42,24.12
2026-06-14 03:28:12,24.12
2026-06-14 03:28:42,24.12
2026-06-14 03:29:12,24.12
2026-06-14 03:29:42,24.12
2026-06-14 03:30:12,24.12
2026-06-14 03:30:42,24.19
2026-06-14 03:31:12,24.19
2026-06-14 03:31:42,24.12
2026-06-14 03:32:12,24.12
2026-06-14 03:32:42,24.19
2026-06-14 03:33:12,24.19
2026-06-14 03:33:42,24.19
2026-06-14 03:34:12,24.25
2026-06-14 03:34:42,24.25
2026-06-14 03:35:12,24.25
2026-06-14 03:35:42,24.31
2026-06-14 03:36:12,24.31
2026-06-14 03:36:42,24.31
2026-06-14 03:37:12,24.25
2026-06-14 03:37:42,24.25
2026-06-14 03:38:12,24.25
2026-06-14 03:38:42,24.31
2026-06-14 03:39:12,24.31
2026-06-14 03:39:42,24.25
2026-06-14 03:40:12,24.25
2026-06-14 03:40:42,24.25
2026-06-14 03:41:12,24.25
2026-06-14 03:41:42,24.25
2026-06-14 03:42:12,24.31
2026-06-14 03:42:42,24.31
2026-06-14 03:43:12,24.25
2026-06-14 03:43:42,24.25
2026-06-14 03:44:12,24.25
2026-06-14 03:44:42,24.25
2026-06-14 03:45:12,24.31
2026-06-14 03:45:42,24.31
2026-06-14 03:46:12,24.38
2026-06-14 03:46:42,24.44
2026-06-14 03:47:12,24.5
2026-06-14 03:47:42,24.5
2026-06-14 03:48:12,24.5
2026-06-14 03:48:42,24.5
2026-06-14 03:49:12,24.5
2026-06-14 03:49:42,24.56
2026-06-14 03:50:12,24.62
2026-06-14 03:50:42,24.69
2026-06-14 03:51:12,24.69
2026-06-14 03:51:42,24.62
2026-06-14 03:52:12,24.62
2026-06-14 03:52:42,24.62
2026-06-14 03:53:12,24.62
2026-06-14 03:53:42,24.62
2026-06-14 03:54:12,24.62
2026-06-14 03:54:42,24.62
2026-06-14 03:55:12,24.69
2026-06-14 03:55:42,24.75
2026-06-14 03:56:12,24.88
2026-06-14 03:56:42,24.94
2026-06-14 03:57:12,24.81
2026-06-14 03:57:42,24.75
2026-06-14 03:58:12,24.62
2026-06-14 03:58:42,24.75
2026-06-14 03:59:12,24.69
2026-06-14 03:59:42,24.69
2026-06-14 04:00:12,24.69
2026-06-14 04:00:42,24.75
2026-06-14 04:01:12,24.75
2026-06-14 04:01:42,24.75
2026-06-14 04:02:12,24.69
2026-06-14 04:02:42,24.69
2026-06-14 04:03:12,24.69
2026-06-14 04:03:42,24.69
2026-06-14 04:04:12,24.69
2026-06-14 04:04:42,24.69
2026-06-14 04:05:12,24.75
2026-06-14 04:05:42,24.75
2026-06-14 04:06:12,24.75
2026-06-14 04:06:42,24.75
2026-06-14 04:07:12,24.75
2026-06-14 04:07:42,24.75
2026-06-14 04:08:12,24.75
2026-06-14 04:08:42,24.75
2026-06-14 04:09:12,24.75
2026-06-14 04:09:42,24.75
2026-06-14 04:10:12,24.75
2026-06-14 04:10:42,24.75
2026-06-14 04:11:12,24.88
2026-06-14 04:11:42,24.88
2026-06-14 04:12:12,24.88
2026-06-14 04:12:45,24.81
2026-06-14 04:13:12,24.88
2026-06-14 04:13:42,24.81
2026-06-14 04:14:12,24.81
2026-06-14 04:14:42,24.88
2026-06-14 04:15:12,24.88
2026-06-14 04:15:42,24.88
2026-06-14 04:16:12,24.94
2026-06-14 04:16:42,25.06
2026-06-14 04:17:12,25.06
2026-06-14 04:17:42,25.12
2026-06-14 04:18:12,25.12
2026-06-14 04:18:42,25.12
2026-06-14 04:19:12,25.12
2026-06-14 04:19:42,25.12
2026-06-14 04:20:12,25.19
2026-06-14 04:20:42,25.12
2026-06-14 04:21:12,25.0
2026-06-14 04:21:42,24.94
2026-06-14 04:22:12,24.88
2026-06-14 04:22:42,24.88
2026-06-14 04:23:12,24.81
2026-06-14 04:23:42,24.81
2026-06-14 04:24:12,24.81
2026-06-14 04:24:42,24.75
2026-06-14 04:25:12,24.75
2026-06-14 04:25:42,24.75
2026-06-14 04:26:12,24.81
2026-06-14 04:26:42,24.88
2026-06-14 04:27:12,24.81
2026-06-14 04:27:45,24.94
2026-06-14 04:28:12,24.94
2026-06-14 04:28:42,25.0
2026-06-14 04:29:12,25.25
2026-06-14 04:29:42,25.44
2026-06-14 04:30:12,25.56
2026-06-14 04:30:42,25.69
2026-06-14 04:31:12,25.81
2026-06-14 04:31:42,25.88
2026-06-14 04:32:12,25.94
2026-06-14 04:32:42,25.94
2026-06-14 04:33:12,26.0
2026-06-14 04:33:42,25.94
2026-06-14 04:34:12,26.06
2026-06-14 04:34:42,26.12
2026-06-14 04:35:12,26.0
2026-06-14 04:35:42,25.88
2026-06-14 04:36:12,25.88
2026-06-14 04:36:42,25.81
2026-06-14 04:37:12,25.75
2026-06-14 04:37:42,25.75
2026-06-14 04:38:12,25.69
2026-06-14 04:38:42,25.69
2026-06-14 04:39:12,25.69
2026-06-14 04:39:42,25.75
2026-06-14 04:40:12,25.69
2026-06-14 04:40:42,25.69
2026-06-14 04:41:12,25.69
2026-06-14 04:41:42,25.69
2026-06-14 04:42:12,25.62
2026-06-14 04:42:42,25.56
2026-06-14 04:43:12,25.62
2026-06-14 04:43:42,25.69
2026-06-14 04:44:12,25.69
2026-06-14 04:44:42,25.69
2026-06-14 04:45:12,25.69
2026-06-14 04:45:42,25.62
2026-06-14 04:46:12,25.62
2026-06-14 04:46:42,25.62
2026-06-14 04:47:12,25.56
2026-06-14 04:47:42,25.5
2026-06-14 04:48:12,25.44
2026-06-14 04:48:42,25.38
2026-06-14 04:49:12,25.44
2026-06-14 04:49:42,25.5
2026-06-14 04:50:12,25.5
2026-06-14 04:50:42,25.5
2026-06-14 04:51:12,25.5
2026-06-14 04:51:42,25.5
2026-06-14 04:52:12,25.56
2026-06-14 04:52:42,25.56
2026-06-14 04:53:12,25.5
2026-06-14 04:53:42,25.44
2026-06-14 04:54:12,25.44
2026-06-14 04:54:42,25.5
2026-06-14 04:55:12,25.5
2026-06-14 04:55:42,25.5
2026-06-14 04:56:12,25.5
2026-06-14 04:56:42,25.5
2026-06-14 04:57:15,25.44
2026-06-14 04:57:42,25.38
2026-06-14 04:58:12,25.38
2026-06-14 04:58:42,25.31
2026-06-14 04:59:12,25.31
2026-06-14 04:59:42,25.31
2026-06-14 05:00:12,25.38
2026-06-14 05:00:42,25.38
2026-06-14 05:01:12,25.38
2026-06-14 05:01:42,25.38
2026-06-14 05:02:12,25.38
2026-06-14 05:02:42,25.44
2026-06-14 05:03:12,25.38
2026-06-14 05:03:42,25.38
2026-06-14 05:04:12,25.31
2026-06-14 05:04:42,25.38
2026-06-14 05:05:12,25.31
2026-06-14 05:05:42,25.25
2026-06-14 05:06:12,25.25
2026-06-14 05:06:42,25.19
2026-06-14 05:07:12,25.25
2026-06-14 05:07:42,25.25
2026-06-14 05:08:12,25.31
2026-06-14 05:08:42,25.44
2026-06-14 05:09:12,25.44
2026-06-14 05:09:42,25.44
2026-06-14 05:10:12,25.5
2026-06-14 05:10:42,25.5
2026-06-14 05:11:12,25.56
2026-06-14 05:11:42,25.5
2026-06-14 05:12:12,25.5
2026-06-14 05:12:42,25.5
2026-06-14 05:13:12,25.5
2026-06-14 05:13:42,25.5
2026-06-14 05:14:12,25.44
2026-06-14 05:14:42,25.38
2026-06-14 05:15:12,25.31
2026-06-14 05:15:42,25.12
2026-06-14 05:16:12,25.06
2026-06-14 05:16:42,25.0
2026-06-14 05:17:12,25.0
2026-06-14 05:17:42,25.0
2026-06-14 05:18:12,25.06
2026-06-14 05:18:42,25.0
2026-06-14 05:19:12,25.0
2026-06-14 05:19:42,25.0
2026-06-14 05:20:12,25.0
2026-06-14 05:20:42,25.0
2026-06-14 05:21:12,25.06
2026-06-14 05:21:42,25.0
2026-06-14 05:22:12,25.0
2026-06-14 05:22:42,25.0
2026-06-14 05:23:12,25.0
2026-06-14 05:23:42,24.94
2026-06-14 05:24:12,25.06
2026-06-14 05:24:42,25.06
2026-06-14 05:25:12,25.06
2026-06-14 05:25:42,25.06
2026-06-14 05:26:12,25.12
2026-06-14 05:26:45,25.19
2026-06-14 05:27:12,25.19
2026-06-14 05:27:42,25.25
2026-06-14 05:28:12,25.25
2026-06-14 05:28:42,25.25
2026-06-14 05:29:12,25.31
2026-06-14 05:29:42,25.25
2026-06-14 05:30:12,25.19
2026-06-14 05:30:42,25.19
2026-06-14 05:31:12,25.19
2026-06-14 05:31:42,25.19
2026-06-14 05:32:12,25.12
2026-06-14 05:32:42,25.19
2026-06-14 05:33:12,25.19
2026-06-14 05:33:42,25.12
2026-06-14 05:34:12,25.12
2026-06-14 05:34:42,25.12
2026-06-14 05:35:12,25.06
2026-06-14 05:35:42,25.06
2026-06-14 05:36:12,25.12
2026-06-14 05:36:42,25.12
2026-06-14 05:37:12,25.19
2026-06-14 05:37:42,25.19
2026-06-14 05:38:12,25.25
2026-06-14 05:38:42,25.25
2026-06-14 05:39:12,25.25
2026-06-14 05:39:42,25.25
2026-06-14 05:40:12,25.25
2026-06-14 05:40:42,25.25
2026-06-14 05:41:12,25.25
2026-06-14 05:41:42,25.25
2026-06-14 05:42:12,25.31
2026-06-14 05:42:42,25.31
2026-06-14 05:43:12,25.31
2026-06-14 05:43:42,25.31
2026-06-14 05:44:12,25.38
2026-06-14 05:44:42,25.31
2026-06-14 05:45:12,25.38
2026-06-14 05:45:42,25.38
2026-06-14 05:46:12,25.44
2026-06-14 05:46:42,25.44
2026-06-14 05:47:12,25.38
2026-06-14 05:47:42,25.38
2026-06-14 05:48:12,25.38
2026-06-14 05:48:42,25.38
2026-06-14 05:49:12,25.38
2026-06-14 05:49:42,25.38
2026-06-14 05:50:12,25.31
2026-06-14 05:50:42,25.31
2026-06-14 05:51:12,25.38
2026-06-14 05:51:42,25.38
2026-06-14 05:52:12,25.38
2026-06-14 05:52:42,25.38
2026-06-14 05:53:12,25.25
2026-06-14 05:53:42,25.25
2026-06-14 05:54:12,25.25
2026-06-14 05:54:42,25.25
2026-06-14 05:55:12,25.31
2026-06-14 05:55:42,25.31
2026-06-14 05:56:15,25.25
2026-06-14 05:56:42,25.25
2026-06-14 05:57:12,25.31
2026-06-14 05:57:42,25.38
2026-06-14 05:58:12,25.38
2026-06-14 05:58:42,25.38
2026-06-14 05:59:12,25.38
2026-06-14 05:59:42,25.31
2026-06-14 06:00:12,25.25
2026-06-14 06:00:42,25.25
2026-06-14 06:01:12,25.25
2026-06-14 06:01:42,25.12
2026-06-14 06:02:12,25.0
2026-06-14 06:02:42,24.81
2026-06-14 06:03:12,24.62
2026-06-14 06:03:42,24.56
2026-06-14 06:04:12,24.5
2026-06-14 06:04:42,24.44
2026-06-14 06:05:12,24.44
2026-06-14 06:05:42,24.56
2026-06-14 06:06:12,24.62
2026-06-14 06:06:42,24.62
2026-06-14 06:07:12,24.62
2026-06-14 06:07:42,24.69
2026-06-14 06:08:12,24.69
2026-06-14 06:08:42,24.69
2026-06-14 06:09:12,24.69
2026-06-14 06:09:42,24.69
2026-06-14 06:10:12,24.75
2026-06-14 06:10:42,24.69
2026-06-14 06:11:15,24.69
2026-06-14 06:11:42,24.62
2026-06-14 06:12:12,24.5
2026-06-14 06:12:42,24.44
2026-06-14 06:13:12,24.44
2026-06-14 06:13:42,24.44
2026-06-14 06:14:12,24.38
2026-06-14 06:14:42,24.31
2026-06-14 06:15:12,24.25
2026-06-14 06:15:42,24.25
2026-06-14 06:16:12,24.19
2026-06-14 06:16:42,24.19
2026-06-14 06:17:12,24.19
2026-06-14 06:17:42,24.19
2026-06-14 06:18:12,24.12
2026-06-14 06:18:42,24.19
2026-06-14 06:19:12,24.12
2026-06-14 06:19:42,24.12
2026-06-14 06:20:12,24.06
2026-06-14 06:20:42,24.06
2026-06-14 06:21:12,24.0
2026-06-14 06:21:42,24.0
2026-06-14 06:22:12,24.0
2026-06-14 06:22:42,24.0
2026-06-14 06:23:12,24.0
2026-06-14 06:23:42,23.94
2026-06-14 06:24:12,23.94
2026-06-14 06:24:42,23.94
2026-06-14 06:25:12,23.94
2026-06-14 06:25:42,23.94
2026-06-14 06:26:15,23.88
2026-06-14 06:26:42,23.94
2026-06-14 06:27:12,23.81
2026-06-14 06:27:42,23.81
2026-06-14 06:28:12,23.88
2026-06-14 06:28:42,23.88
2026-06-14 06:29:12,23.88
2026-06-14 06:29:42,23.88
2026-06-14 06:30:12,23.81
2026-06-14 06:30:42,23.81
2026-06-14 06:31:12,23.81
2026-06-14 06:31:42,23.81
2026-06-14 06:32:12,23.81
2026-06-14 06:32:42,23.75
2026-06-14 06:33:12,23.75
2026-06-14 06:33:42,23.75
2026-06-14 06:34:12,23.75
2026-06-14 06:34:42,23.75
2026-06-14 06:35:12,23.75
2026-06-14 06:35:42,23.75
2026-06-14 06:36:12,23.69
2026-06-14 06:36:42,23.75
2026-06-14 06:37:12,23.69
2026-06-14 06:37:42,23.69
2026-06-14 06:38:12,23.75
2026-06-14 06:38:42,23.69
2026-06-14 06:39:12,23.69
2026-06-14 06:39:42,23.62
2026-06-14 06:40:12,23.62
2026-06-14 06:40:42,23.62
2026-06-14 06:41:12,23.62
2026-06-14 06:41:42,23.62
2026-06-14 06:42:12,23.62
2026-06-14 06:42:42,23.62
2026-06-14 06:43:12,23.62
2026-06-14 06:43:42,23.69
2026-06-14 06:44:12,23.69
2026-06-14 06:44:42,23.69
2026-06-14 06:45:12,23.62
2026-06-14 06:45:42,23.62
2026-06-14 06:46:12,23.62
2026-06-14 06:46:42,23.62
2026-06-14 06:47:12,23.62
2026-06-14 06:47:42,23.62
2026-06-14 06:48:12,23.62
2026-06-14 06:48:42,23.62
2026-06-14 06:49:12,23.62
2026-06-14 06:49:42,23.62
2026-06-14 06:50:12,23.62
2026-06-14 06:50:42,23.62
2026-06-14 06:51:12,23.62
2026-06-14 06:51:42,23.56
2026-06-14 06:52:12,23.56
2026-06-14 06:52:42,23.56
2026-06-14 06:53:12,23.56
2026-06-14 06:53:42,23.56
2026-06-14 06:54:12,23.62
2026-06-14 06:54:42,23.56
2026-06-14 06:55:12,23.56
2026-06-14 06:55:42,23.56
2026-06-14 06:56:15,23.56
2026-06-14 06:56:42,23.56
2026-06-14 06:57:12,23.56
2026-06-14 06:57:42,23.56
2026-06-14 06:58:12,23.56
2026-06-14 06:58:42,23.56
2026-06-14 06:59:12,23.5
2026-06-14 06:59:42,23.5
2026-06-14 07:00:12,23.5
2026-06-14 07:00:42,23.5
2026-06-14 07:01:12,23.5
2026-06-14 07:01:42,23.44
2026-06-14 07:02:12,23.44
2026-06-14 07:02:42,23.44
2026-06-14 07:03:12,23.44
2026-06-14 07:03:42,23.44
2026-06-14 07:04:12,23.38
2026-06-14 07:04:42,23.38
2026-06-14 07:05:12,23.38
2026-06-14 07:05:42,23.38
2026-06-14 07:06:12,23.38
2026-06-14 07:06:42,23.38
2026-06-14 07:07:12,23.38
2026-06-14 07:07:42,23.31
2026-06-14 07:08:12,23.31
2026-06-14 07:08:45,23.31
2026-06-14 07:09:12,23.31
2026-06-14 07:09:42,23.31
2026-06-14 07:10:12,23.31
2026-06-14 07:10:42,23.31
2026-06-14 07:11:12,23.38
2026-06-14 07:11:42,23.38
2026-06-14 07:12:12,23.31
2026-06-14 07:12:42,23.31
2026-06-14 07:13:12,23.31
2026-06-14 07:13:42,23.31
2026-06-14 07:14:12,23.31
2026-06-14 07:14:42,23.31
2026-06-14 07:15:12,23.31
2026-06-14 07:15:42,23.31
2026-06-14 07:16:12,23.31
2026-06-14 07:16:42,23.31
2026-06-14 07:17:12,23.31
2026-06-14 07:17:42,23.31
2026-06-14 07:18:12,23.25
2026-06-14 07:18:42,23.25
2026-06-14 07:19:12,23.31
2026-06-14 07:19:42,23.25
2026-06-14 07:20:12,23.25
2026-06-14 07:20:42,23.25
2026-06-14 07:21:12,23.25
2026-06-14 07:21:42,23.25
2026-06-14 07:22:12,23.25
2026-06-14 07:22:42,23.25
2026-06-14 07:23:12,23.25
2026-06-14 07:23:42,23.19
2026-06-14 07:24:12,23.19
2026-06-14 07:24:45,23.19
2026-06-14 07:25:12,23.19
2026-06-14 07:25:42,23.19
2026-06-14 07:26:12,23.19
2026-06-14 07:26:42,23.19
2026-06-14 07:27:12,23.19
2026-06-14 07:27:42,23.19
2026-06-14 07:28:12,23.19
2026-06-14 07:28:42,23.19
2026-06-14 07:29:12,23.19
2026-06-14 07:29:42,23.19
2026-06-14 07:30:12,23.19
2026-06-14 07:30:42,23.19
2026-06-14 07:31:12,23.12
2026-06-14 07:31:42,23.12
2026-06-14 07:32:12,23.12
2026-06-14 07:32:42,23.12
2026-06-14 07:33:12,23.12
2026-06-14 07:33:42,23.12
2026-06-14 07:34:12,23.12
2026-06-14 07:34:42,23.12
2026-06-14 07:35:12,23.12
2026-06-14 07:35:42,23.12
2026-06-14 07:36:12,23.12
2026-06-14 07:36:42,23.06
2026-06-14 07:37:12,23.06
2026-06-14 07:37:42,23.06
2026-06-14 07:38:12,23.06
2026-06-14 07:38:42,23.06
2026-06-14 07:39:12,23.06
2026-06-14 07:39:42,23.06
2026-06-14 07:40:15,23.06
2026-06-14 07:40:42,23.0
2026-06-14 07:41:12,23.06
2026-06-14 07:41:42,23.0
2026-06-14 07:42:12,23.0
2026-06-14 07:42:42,23.0
2026-06-14 07:43:12,23.0
2026-06-14 07:43:42,23.0
2026-06-14 07:44:12,23.0
2026-06-14 07:44:42,23.0
2026-06-14 07:45:12,23.0
2026-06-14 07:45:42,23.0
2026-06-14 07:46:12,23.0
2026-06-14 07:46:42,23.0
2026-06-14 07:47:12,22.94
2026-06-14 07:47:42,22.94
2026-06-14 07:48:12,22.94
2026-06-14 07:48:42,22.94
2026-06-14 07:49:12,22.94
2026-06-14 07:49:42,23.0
2026-06-14 07:50:12,22.94
2026-06-14 07:50:42,22.94
2026-06-14 07:51:12,22.94
2026-06-14 07:51:42,22.94
2026-06-14 07:52:12,22.94
2026-06-14 07:52:45,22.94
2026-06-14 07:53:12,22.94
2026-06-14 07:53:42,22.94
2026-06-14 07:54:12,22.94
2026-06-14 07:54:42,22.94
2026-06-14 07:55:12,22.88
2026-06-14 07:55:42,22.88
2026-06-14 07:56:12,22.88
2026-06-14 07:56:42,22.88
2026-06-14 07:57:12,22.88
2026-06-14 07:57:42,22.88
2026-06-14 07:58:12,22.88
2026-06-14 07:58:42,22.88
2026-06-14 07:59:12,22.88
2026-06-14 07:59:42,22.88
2026-06-14 08:00:12,22.88
2026-06-14 08:00:42,22.88
2026-06-14 08:01:12,22.88
2026-06-14 08:01:42,22.88
2026-06-14 08:02:12,22.88
2026-06-14 08:02:42,22.88
2026-06-14 08:03:12,22.88
2026-06-14 08:03:42,22.88
2026-06-14 08:04:12,22.88
2026-06-14 08:04:42,22.88
2026-06-14 08:05:12,22.88
2026-06-14 08:05:42,22.88
2026-06-14 08:06:12,22.88
2026-06-14 08:06:42,22.88
2026-06-14 08:07:12,22.88
2026-06-14 08:07:42,22.88
2026-06-14 08:08:12,22.88
2026-06-14 08:08:42,22.88
2026-06-14 08:09:12,22.88
2026-06-14 08:09:42,22.88
2026-06-14 08:10:12,22.88
2026-06-14 08:10:42,22.88
2026-06-14 08:11:12,22.88
2026-06-14 08:11:42,22.81
2026-06-14 08:12:12,22.88
2026-06-14 08:12:42,22.81
2026-06-14 08:13:12,22.81
2026-06-14 08:13:42,22.81
2026-06-14 08:14:12,22.81
2026-06-14 08:14:42,22.81
2026-06-14 08:15:12,22.81
2026-06-14 08:15:42,22.81
2026-06-14 08:16:12,22.81
2026-06-14 08:16:42,22.81
2026-06-14 08:17:12,22.81
2026-06-14 08:17:42,22.81
2026-06-14 08:18:12,22.81
2026-06-14 08:18:42,22.81
2026-06-14 08:19:12,22.81
2026-06-14 08:19:42,22.81
2026-06-14 08:20:12,22.75
2026-06-14 08:20:42,22.75
2026-06-14 08:21:12,22.75
2026-06-14 08:21:42,22.75
2026-06-14 08:22:12,22.75
2026-06-14 08:22:42,22.75
2026-06-14 08:23:12,22.75
2026-06-14 08:23:42,22.75
2026-06-14 08:24:12,22.75
2026-06-14 08:24:42,22.75
2026-06-14 08:25:12,22.75
2026-06-14 08:25:42,22.75
2026-06-14 08:26:12,22.75
2026-06-14 08:26:42,22.75
2026-06-14 08:27:12,22.75
2026-06-14 08:27:42,22.75
2026-06-14 08:28:12,22.75
2026-06-14 08:28:42,22.75
2026-06-14 08:29:12,22.75
2026-06-14 08:29:42,22.69
2026-06-14 08:30:12,22.69
2026-06-14 08:30:42,22.69
2026-06-14 08:31:12,22.69
2026-06-14 08:31:42,22.69
2026-06-14 08:32:12,22.69
2026-06-14 08:32:42,22.69
2026-06-14 08:33:12,22.69
2026-06-14 08:33:42,22.69
2026-06-14 08:34:12,22.69
2026-06-14 08:34:42,22.69
2026-06-14 08:35:12,22.69
2026-06-14 08:35:42,22.69
2026-06-14 08:36:12,22.69
2026-06-14 08:36:42,22.69
2026-06-14 08:37:12,22.69
2026-06-14 08:37:42,22.69
2026-06-14 08:38:12,22.69
2026-06-14 08:38:42,22.69
2026-06-14 08:39:12,22.69
2026-06-14 08:39:42,22.69
2026-06-14 08:40:12,22.62
2026-06-14 08:40:42,22.62
2026-06-14 08:41:12,22.62
2026-06-14 08:41:42,22.62
2026-06-14 08:42:12,22.62
2026-06-14 08:42:42,22.56
2026-06-14 08:43:12,22.56
2026-06-14 08:43:42,22.56
2026-06-14 08:44:12,22.5
2026-06-14 08:44:42,22.5
2026-06-14 08:45:12,22.5
2026-06-14 08:45:42,22.5
2026-06-14 08:46:12,22.5
2026-06-14 08:46:42,22.5
2026-06-14 08:47:12,22.5
2026-06-14 08:47:42,22.5
2026-06-14 08:48:12,22.5
2026-06-14 08:48:42,22.5
2026-06-14 08:49:12,22.5
2026-06-14 08:49:42,22.5
2026-06-14 08:50:12,22.5
2026-06-14 08:50:42,22.5
2026-06-14 08:51:12,22.5
2026-06-14 08:51:42,22.5
2026-06-14 08:52:12,22.5
2026-06-14 08:52:42,22.5
2026-06-14 08:53:12,22.5
2026-06-14 08:53:42,22.5
2026-06-14 08:54:15,22.5
2026-06-14 08:54:42,22.5
2026-06-14 08:55:12,22.5
2026-06-14 08:55:42,22.5
2026-06-14 08:56:12,22.5
2026-06-14 08:56:42,22.5
2026-06-14 08:57:12,22.44
2026-06-14 08:57:42,22.5
2026-06-14 08:58:12,22.44
2026-06-14 08:58:42,22.44
2026-06-14 08:59:12,22.44
2026-06-14 08:59:42,22.44
2026-06-14 09:00:12,22.44
2026-06-14 09:00:42,22.44
2026-06-14 09:01:12,22.44
2026-06-14 09:01:42,22.44
2026-06-14 09:02:12,22.44
2026-06-14 09:02:42,22.38
2026-06-14 09:03:12,22.44
2026-06-14 09:03:42,22.38
2026-06-14 09:04:12,22.38
2026-06-14 09:04:42,22.38
2026-06-14 09:05:12,22.38
2026-06-14 09:05:42,22.38
2026-06-14 09:06:12,22.38
2026-06-14 09:06:42,22.38
2026-06-14 09:07:12,22.38
2026-06-14 09:07:42,22.38
2026-06-14 09:08:12,22.38
2026-06-14 09:08:42,22.31
2026-06-14 09:09:12,22.38
2026-06-14 09:09:42,22.31
2026-06-14 09:10:12,22.38
2026-06-14 09:10:42,22.31
2026-06-14 09:11:12,22.31
2026-06-14 09:11:42,22.38
2026-06-14 09:12:12,22.38
2026-06-14 09:12:42,22.38
2026-06-14 09:13:12,22.38
2026-06-14 09:13:42,22.38
2026-06-14 09:14:12,22.31
2026-06-14 09:14:42,22.31
2026-06-14 09:15:12,22.31
2026-06-14 09:15:42,22.31
2026-06-14 09:16:12,22.31
2026-06-14 09:16:42,22.31
2026-06-14 09:17:12,22.31
2026-06-14 09:17:42,22.31
2026-06-14 09:18:12,22.31
2026-06-14 09:18:42,22.31
2026-06-14 09:19:12,22.31
2026-06-14 09:19:42,22.31
2026-06-14 09:20:12,22.25
2026-06-14 09:20:42,22.25
2026-06-14 09:21:12,22.25
2026-06-14 09:21:42,22.25
2026-06-14 09:22:12,22.25
2026-06-14 09:22:42,22.25
2026-06-14 09:23:12,22.25
2026-06-14 09:23:42,22.25
2026-06-14 09:24:15,22.25
2026-06-14 09:24:42,22.25
2026-06-14 09:25:12,22.25
2026-06-14 09:25:42,22.25
2026-06-14 09:26:12,22.25
2026-06-14 09:26:42,22.25
2026-06-14 09:27:12,22.25
2026-06-14 09:27:42,22.19
2026-06-14 09:28:12,22.19
2026-06-14 09:28:42,22.19
2026-06-14 09:29:12,22.19
2026-06-14 09:29:42,22.19
2026-06-14 09:30:12,22.19
2026-06-14 09:30:42,22.19
2026-06-14 09:31:12,22.19
2026-06-14 09:31:42,22.19
2026-06-14 09:32:12,22.19
2026-06-14 09:32:42,22.19
2026-06-14 09:33:12,22.19
2026-06-14 09:33:42,22.19
2026-06-14 09:34:12,22.19
2026-06-14 09:34:42,22.19
2026-06-14 09:35:12,22.19
2026-06-14 09:35:42,22.19
2026-06-14 09:36:12,22.12
2026-06-14 09:36:42,22.19
2026-06-14 09:37:12,22.12
2026-06-14 09:37:42,22.12
2026-06-14 09:38:12,22.12
2026-06-14 09:38:42,22.19
2026-06-14 09:39:12,22.19
2026-06-14 09:39:42,22.12
2026-06-14 09:40:12,22.12
2026-06-14 09:40:42,22.12
2026-06-14 09:41:12,22.12
2026-06-14 09:41:42,22.12
2026-06-14 09:42:12,22.12
2026-06-14 09:42:42,22.12
2026-06-14 09:43:12,22.12
2026-06-14 09:43:42,22.12
2026-06-14 09:44:12,22.12
2026-06-14 09:44:42,22.12
2026-06-14 09:45:12,22.12
2026-06-14 09:45:42,22.12
2026-06-14 09:46:12,22.12
2026-06-14 09:46:42,22.12
2026-06-14 09:47:12,22.12
2026-06-14 09:47:42,22.12
2026-06-14 09:48:12,22.12
2026-06-14 09:48:42,22.06
2026-06-14 09:49:12,22.12
2026-06-14 09:49:42,22.06
2026-06-14 09:50:12,22.06
2026-06-14 09:50:42,22.06
2026-06-14 09:51:12,22.12
2026-06-14 09:51:42,22.06
2026-06-14 09:52:12,22.06
2026-06-14 09:52:42,22.06
2026-06-14 09:53:12,22.06
2026-06-14 09:53:45,22.06
2026-06-14 09:54:12,22.06
2026-06-14 09:54:42,22.06
2026-06-14 09:55:12,22.06
2026-06-14 09:55:42,22.06
2026-06-14 09:56:12,22.06
2026-06-14 09:56:42,22.06
2026-06-14 09:57:12,22.12
2026-06-14 09:57:42,22.12
2026-06-14 09:58:12,22.06
2026-06-14 09:58:42,22.06
2026-06-14 09:59:12,22.06
2026-06-14 09:59:42,22.06
2026-06-14 10:00:12,22.06
2026-06-14 10:00:42,22.06
2026-06-14 10:01:12,22.06
2026-06-14 10:01:42,22.06
2026-06-14 10:02:12,22.06
2026-06-14 10:02:42,22.06
2026-06-14 10:03:12,22.06
2026-06-14 10:03:42,22.06
2026-06-14 10:04:12,22.06
2026-06-14 10:04:42,22.06
2026-06-14 10:05:12,22.06
2026-06-14 10:05:42,22.0
2026-06-14 10:06:15,22.0
2026-06-14 10:06:45,22.0
2026-06-14 10:07:12,22.0
2026-06-14 10:07:42,22.0
2026-06-14 10:08:12,22.0
2026-06-14 10:08:42,22.0
2026-06-14 10:09:12,22.0
2026-06-14 10:09:42,22.0
2026-06-14 10:10:12,22.0
2026-06-14 10:10:42,22.0
2026-06-14 10:11:12,22.0
2026-06-14 10:11:42,22.0
2026-06-14 10:12:12,22.06
2026-06-14 10:12:42,22.0
2026-06-14 10:13:12,22.0
2026-06-14 10:13:42,22.0
2026-06-14 10:14:12,22.0
2026-06-14 10:14:42,22.0
2026-06-14 10:15:12,22.0
2026-06-14 10:15:42,22.0
2026-06-14 10:16:12,22.0
2026-06-14 10:16:42,22.0
2026-06-14 10:17:12,22.0
2026-06-14 10:17:42,22.0
2026-06-14 10:18:12,22.0
2026-06-14 10:18:42,22.0
2026-06-14 10:19:12,22.0
2026-06-14 10:19:42,22.0
2026-06-14 10:20:12,21.94
2026-06-14 10:20:42,21.94
2026-06-14 10:21:12,21.94
2026-06-14 10:21:42,21.94
2026-06-14 10:22:12,22.0
2026-06-14 10:22:42,21.94
2026-06-14 10:23:15,21.94
2026-06-14 10:23:42,21.94
2026-06-14 10:24:12,21.94
2026-06-14 10:24:42,21.94
2026-06-14 10:25:12,21.94
2026-06-14 10:25:42,21.94
2026-06-14 10:26:12,21.94
2026-06-14 10:26:42,21.94
2026-06-14 10:27:12,21.94
2026-06-14 10:27:42,21.94
2026-06-14 10:28:12,21.94
2026-06-14 10:28:42,21.94
2026-06-14 10:29:12,21.94
2026-06-14 10:29:42,21.94
2026-06-14 10:30:12,21.94
2026-06-14 10:30:42,21.94
2026-06-14 10:31:12,21.94
2026-06-14 10:31:42,21.94
2026-06-14 10:32:12,21.94
2026-06-14 10:32:42,21.94
2026-06-14 10:33:12,21.94
2026-06-14 10:33:42,21.88
2026-06-14 10:34:12,21.94
2026-06-14 10:34:42,21.94
2026-06-14 10:35:12,21.88
2026-06-14 10:35:42,21.88
2026-06-14 10:36:12,21.88
2026-06-14 10:36:42,21.88
2026-06-14 10:37:12,21.88
2026-06-14 10:37:42,21.88
2026-06-14 10:38:12,21.88
2026-06-14 10:38:42,21.81
2026-06-14 10:39:12,21.81
2026-06-14 10:39:42,21.81
2026-06-14 10:40:12,21.81
2026-06-14 10:40:42,21.81
2026-06-14 10:41:12,21.81
2026-06-14 10:41:42,21.81
2026-06-14 10:42:12,21.81
2026-06-14 10:42:42,21.81
2026-06-14 10:43:12,21.81
2026-06-14 10:43:42,21.81
2026-06-14 10:44:12,21.81
2026-06-14 10:44:42,21.81
2026-06-14 10:45:12,21.81
2026-06-14 10:45:42,21.81
2026-06-14 10:46:12,21.75
2026-06-14 10:46:42,21.75
2026-06-14 10:47:12,21.81
2026-06-14 10:47:42,21.81
2026-06-14 10:48:12,21.75
2026-06-14 10:48:42,21.75
2026-06-14 10:49:12,21.75
2026-06-14 10:49:42,21.75
2026-06-14 10:50:12,21.75
2026-06-14 10:50:42,21.75
2026-06-14 10:51:12,21.75
2026-06-14 10:51:42,21.75
2026-06-14 10:52:12,21.75
2026-06-14 10:52:42,21.75
2026-06-14 10:53:12,21.75
2026-06-14 10:53:42,21.75
2026-06-14 10:54:12,21.75
2026-06-14 10:54:42,21.75
2026-06-14 10:55:12,21.75
2026-06-14 10:55:42,21.69
2026-06-14 10:56:12,21.69
2026-06-14 10:56:42,21.69
2026-06-14 10:57:12,21.69
2026-06-14 10:57:42,21.69
2026-06-14 10:58:12,21.69
2026-06-14 10:58:42,21.69
2026-06-14 10:59:12,21.69
2026-06-14 10:59:42,21.69
2026-06-14 11:00:12,21.69
2026-06-14 11:00:42,21.69
2026-06-14 11:01:12,21.69
2026-06-14 11:01:42,21.69
2026-06-14 11:02:12,21.69
2026-06-14 11:02:42,21.69
2026-06-14 11:03:12,21.69
2026-06-14 11:03:42,21.62
2026-06-14 11:04:12,21.62
2026-06-14 11:04:42,21.62
2026-06-14 11:05:12,21.62
2026-06-14 11:05:42,21.62
2026-06-14 11:06:12,21.62
2026-06-14 11:06:42,21.62
2026-06-14 11:07:12,21.62
2026-06-14 11:07:42,21.62
2026-06-14 11:08:12,21.62
2026-06-14 11:08:42,21.62
2026-06-14 11:09:12,21.62
2026-06-14 11:09:42,21.62
2026-06-14 11:10:12,21.62
2026-06-14 11:10:42,21.62
2026-06-14 11:11:12,21.62
2026-06-14 11:11:42,21.62
2026-06-14 11:12:12,21.62
2026-06-14 11:12:42,21.62
2026-06-14 11:13:12,21.62
2026-06-14 11:13:42,21.62
2026-06-14 11:14:12,21.62
2026-06-14 11:14:42,21.62
2026-06-14 11:15:12,21.62
2026-06-14 11:15:42,21.62
2026-06-14 11:16:12,21.56
2026-06-14 11:16:42,21.56
2026-06-14 11:17:12,21.56
2026-06-14 11:17:42,21.56
2026-06-14 11:18:12,21.56
2026-06-14 11:18:42,21.56
2026-06-14 11:19:12,21.56
2026-06-14 11:19:42,21.56
2026-06-14 11:20:12,21.56
2026-06-14 11:20:42,21.56
2026-06-14 11:21:12,21.56
2026-06-14 11:21:42,21.56
2026-06-14 11:22:12,21.56
2026-06-14 11:22:45,21.56
2026-06-14 11:23:12,21.56
2026-06-14 11:23:42,21.56
2026-06-14 11:24:12,21.5
2026-06-14 11:24:42,21.56
2026-06-14 11:25:12,21.56
2026-06-14 11:25:42,21.56
2026-06-14 11:26:12,21.56
2026-06-14 11:26:42,21.56
2026-06-14 11:27:12,21.56
2026-06-14 11:27:42,21.56
2026-06-14 11:28:12,21.5
2026-06-14 11:28:42,21.56
2026-06-14 11:29:12,21.5
2026-06-14 11:29:42,21.5
2026-06-14 11:30:12,21.5
2026-06-14 11:30:42,21.56
2026-06-14 11:31:12,21.5
2026-06-14 11:31:42,21.5
2026-06-14 11:32:12,21.5
2026-06-14 11:32:42,21.5
2026-06-14 11:33:12,21.5
2026-06-14 11:33:42,21.5
2026-06-14 11:34:12,21.5
2026-06-14 11:34:42,21.5
2026-06-14 11:35:12,21.5
2026-06-14 11:35:42,21.5
2026-06-14 11:36:12,21.5
2026-06-14 11:36:42,21.5
2026-06-14 11:37:12,21.44
2026-06-14 11:37:42,21.5
2026-06-14 11:38:12,21.44
2026-06-14 11:38:42,21.5
2026-06-14 11:39:12,21.44
2026-06-14 11:39:42,21.44
2026-06-14 11:40:12,21.5
2026-06-14 11:40:42,21.5
2026-06-14 11:41:12,21.44
2026-06-14 11:41:42,21.44
2026-06-14 11:42:12,21.44
2026-06-14 11:42:42,21.44
2026-06-14 11:43:12,21.44
2026-06-14 11:43:42,21.44
2026-06-14 11:44:12,21.44
2026-06-14 11:44:42,21.44
2026-06-14 11:45:12,21.44
2026-06-14 11:45:42,21.44
2026-06-14 11:46:12,21.44
2026-06-14 11:46:42,21.44
2026-06-14 11:47:12,21.44
2026-06-14 11:47:42,21.44
2026-06-14 11:48:12,21.44
2026-06-14 11:48:42,21.44
2026-06-14 11:49:12,21.38
2026-06-14 11:49:42,21.44
2026-06-14 11:50:12,21.38
2026-06-14 11:50:42,21.38
2026-06-14 11:51:12,21.38
2026-06-14 11:51:42,21.38
2026-06-14 11:52:12,21.38
2026-06-14 11:52:42,21.38
2026-06-14 11:53:12,21.38
2026-06-14 11:53:42,21.38
2026-06-14 11:54:12,21.38
2026-06-14 11:54:42,21.38
2026-06-14 11:55:12,21.38
2026-06-14 11:55:42,21.38
2026-06-14 11:56:12,21.44
2026-06-14 11:56:42,21.38
2026-06-14 11:57:12,21.38
2026-06-14 11:57:42,21.38
2026-06-14 11:58:12,21.38
2026-06-14 11:58:42,21.38
2026-06-14 11:59:12,21.38
2026-06-14 11:59:42,21.38
2026-06-14 12:00:12,21.38
2026-06-14 12:00:42,21.38
2026-06-14 12:01:12,21.38
2026-06-14 12:01:42,21.38
2026-06-14 12:02:12,21.38
2026-06-14 12:02:42,21.38
2026-06-14 12:03:12,21.38
2026-06-14 12:03:42,21.38
2026-06-14 12:04:12,21.38
2026-06-14 12:04:42,21.38
2026-06-14 12:05:12,21.38
2026-06-14 12:05:42,21.38
2026-06-14 12:06:12,21.38
2026-06-14 12:06:42,21.38
2026-06-14 12:07:12,21.38
2026-06-14 12:07:42,21.38
2026-06-14 12:08:12,21.38
2026-06-14 12:08:42,21.38
2026-06-14 12:09:12,21.38
2026-06-14 12:09:42,21.38
2026-06-14 12:10:12,21.38
2026-06-14 12:10:42,21.38
2026-06-14 12:11:12,21.38
2026-06-14 12:11:42,21.38
2026-06-14 12:12:12,21.38
2026-06-14 12:12:42,21.38
2026-06-14 12:13:12,21.38
2026-06-14 12:13:42,21.38
2026-06-14 12:14:12,21.31
2026-06-14 12:14:42,21.31
2026-06-14 12:15:12,21.31
2026-06-14 12:15:42,21.31
2026-06-14 12:16:12,21.31
2026-06-14 12:16:42,21.31
2026-06-14 12:17:12,21.38
2026-06-14 12:17:42,21.38
2026-06-14 12:18:12,21.31
2026-06-14 12:18:42,21.31
2026-06-14 12:19:12,21.31
2026-06-14 12:19:42,21.31
2026-06-14 12:20:12,21.31
2026-06-14 12:20:42,21.31
2026-06-14 12:21:12,21.31
2026-06-14 12:21:42,21.31
2026-06-14 12:22:12,21.31
2026-06-14 12:22:42,21.31
2026-06-14 12:23:12,21.31
2026-06-14 12:23:42,21.31
2026-06-14 12:24:12,21.31
2026-06-14 12:24:42,21.31
2026-06-14 12:25:12,21.31
2026-06-14 12:25:42,21.25
2026-06-14 12:26:12,21.31
2026-06-14 12:26:42,21.31
2026-06-14 12:27:12,21.31
2026-06-14 12:27:42,21.31
2026-06-14 12:28:12,21.31
2026-06-14 12:28:42,21.31
2026-06-14 12:29:12,21.31
2026-06-14 12:29:42,21.25
2026-06-14 12:30:12,21.31
2026-06-14 12:30:42,21.25
2026-06-14 12:31:12,21.31
2026-06-14 12:31:42,21.25
2026-06-14 12:32:12,21.25
2026-06-14 12:32:42,21.25
2026-06-14 12:33:12,21.25
2026-06-14 12:33:42,21.25
2026-06-14 12:34:12,21.25
2026-06-14 12:34:42,21.25
2026-06-14 12:35:12,21.25
2026-06-14 12:35:42,21.25
2026-06-14 12:36:12,21.25
2026-06-14 12:36:42,21.19
2026-06-14 12:37:12,21.19
2026-06-14 12:37:42,21.19
2026-06-14 12:38:12,21.19
2026-06-14 12:38:42,21.19
2026-06-14 12:39:12,21.19
2026-06-14 12:39:42,21.19
2026-06-14 12:40:12,21.19
2026-06-14 12:40:42,21.19
2026-06-14 12:41:12,21.19
2026-06-14 12:41:42,21.19
2026-06-14 12:42:12,21.12
2026-06-14 12:42:42,21.12
2026-06-14 12:43:12,21.12
2026-06-14 12:43:42,21.12
2026-06-14 12:44:12,21.12
2026-06-14 12:44:42,21.12
2026-06-14 12:45:12,21.19
2026-06-14 12:45:42,21.12
2026-06-14 12:46:12,21.12
2026-06-14 12:46:42,21.12
2026-06-14 12:47:12,21.12
2026-06-14 12:47:42,21.12
2026-06-14 12:48:12,21.12
2026-06-14 12:48:42,21.12
2026-06-14 12:49:12,21.12
2026-06-14 12:49:42,21.12
2026-06-14 12:50:12,21.12
2026-06-14 12:50:42,21.12
2026-06-14 12:51:12,21.12
2026-06-14 12:51:42,21.12
2026-06-14 12:52:12,21.12
2026-06-14 12:52:42,21.12
2026-06-14 12:53:12,21.12
2026-06-14 12:53:42,21.12
2026-06-14 12:54:12,21.12
2026-06-14 12:54:42,21.12
2026-06-14 12:55:12,21.06
2026-06-14 12:55:42,21.06
2026-06-14 12:56:12,21.06
2026-06-14 12:56:42,21.06
2026-06-14 12:57:12,21.06
2026-06-14 12:57:42,21.06
2026-06-14 12:58:12,21.06
2026-06-14 12:58:42,21.06
2026-06-14 12:59:12,21.12
2026-06-14 12:59:42,21.06
2026-06-14 13:00:12,21.06
2026-06-14 13:00:42,21.06
2026-06-14 13:01:12,21.06
2026-06-14 13:01:42,21.06
2026-06-14 13:02:12,21.06
2026-06-14 13:02:42,21.06
2026-06-14 13:03:12,21.06
2026-06-14 13:03:42,21.06
2026-06-14 13:04:12,21.06
2026-06-14 13:04:42,21.06
2026-06-14 13:05:12,21.06
2026-06-14 13:05:42,21.06
2026-06-14 13:06:12,21.06
2026-06-14 13:06:42,21.06
2026-06-14 13:07:12,21.06
2026-06-14 13:07:42,21.0
2026-06-14 13:08:12,21.06
2026-06-14 13:08:42,21.06
2026-06-14 13:09:12,21.06
2026-06-14 13:09:42,21.06
2026-06-14 13:10:12,21.06
2026-06-14 13:10:42,21.06
2026-06-14 13:11:12,21.06
2026-06-14 13:11:42,21.0
2026-06-14 13:12:12,21.0
2026-06-14 13:12:42,21.0
2026-06-14 13:13:12,21.0
2026-06-14 13:13:42,21.0
2026-06-14 13:14:12,21.0
2026-06-14 13:14:42,21.0
2026-06-14 13:15:12,21.0
2026-06-14 13:15:42,21.0
2026-06-14 13:16:12,21.0
2026-06-14 13:16:42,21.0
2026-06-14 13:17:12,21.0
2026-06-14 13:17:42,21.0
2026-06-14 13:18:12,21.0
2026-06-14 13:18:42,21.0
2026-06-14 13:19:12,21.0
2026-06-14 13:19:42,21.0
2026-06-14 13:20:12,21.0
2026-06-14 13:20:42,21.0
2026-06-14 13:21:12,21.0
2026-06-14 13:21:42,21.0
2026-06-14 13:22:12,20.94
2026-06-14 13:22:42,20.94
2026-06-14 13:23:12,20.94
2026-06-14 13:23:42,20.94
2026-06-14 13:24:12,20.94
2026-06-14 13:24:42,20.94
2026-06-14 13:25:12,20.94
2026-06-14 13:25:42,20.94
2026-06-14 13:26:12,20.94
2026-06-14 13:26:42,20.94
2026-06-14 13:27:12,20.94
2026-06-14 13:27:42,20.94
2026-06-14 13:28:12,20.94
2026-06-14 13:28:42,20.94
2026-06-14 13:29:12,20.94
2026-06-14 13:29:42,20.94
2026-06-14 13:30:12,20.94
2026-06-14 13:30:42,20.94
2026-06-14 13:31:12,20.94
2026-06-14 13:31:42,20.94
2026-06-14 13:32:12,20.94
2026-06-14 13:32:42,20.94
2026-06-14 13:33:12,20.94
2026-06-14 13:33:42,20.94
2026-06-14 13:34:12,20.94
2026-06-14 13:34:42,20.94
2026-06-14 13:35:12,20.94
2026-06-14 13:35:42,20.88
2026-06-14 13:36:12,20.94
2026-06-14 13:36:42,20.94
2026-06-14 13:37:12,20.94
2026-06-14 13:37:42,20.88
2026-06-14 13:38:12,20.94
2026-06-14 13:38:42,20.88
2026-06-14 13:39:12,20.88
2026-06-14 13:39:42,20.88
2026-06-14 13:40:12,20.88
2026-06-14 13:40:42,20.88
2026-06-14 13:41:12,20.88
2026-06-14 13:41:42,20.88
2026-06-14 13:42:12,20.88
2026-06-14 13:42:42,20.88
2026-06-14 13:43:12,20.88
2026-06-14 13:43:42,20.88
2026-06-14 13:44:12,20.88
2026-06-14 13:44:42,20.88
2026-06-14 13:45:12,20.88
2026-06-14 13:45:42,20.88
2026-06-14 13:46:12,20.88
2026-06-14 13:46:45,20.88
2026-06-14 13:47:12,20.88
2026-06-14 13:47:42,20.88
2026-06-14 13:48:12,20.88
2026-06-14 13:48:42,20.88
2026-06-14 13:49:12,20.88
2026-06-14 13:49:42,20.88
2026-06-14 13:50:12,20.88
2026-06-14 13:50:42,20.88
2026-06-14 13:51:12,20.88
2026-06-14 13:51:42,20.88
2026-06-14 13:52:12,20.81
2026-06-14 13:52:42,20.81
2026-06-14 13:53:12,20.81
2026-06-14 13:53:42,20.81
2026-06-14 13:54:12,20.88
2026-06-14 13:54:42,20.81
2026-06-14 13:55:12,20.88
2026-06-14 13:55:42,20.88
2026-06-14 13:56:12,20.88
2026-06-14 13:56:42,20.81
2026-06-14 13:57:12,20.81
2026-06-14 13:57:42,20.81
2026-06-14 13:58:12,20.81
2026-06-14 13:58:42,20.88
2026-06-14 13:59:12,20.81
2026-06-14 13:59:42,20.81
2026-06-14 14:00:12,20.81
2026-06-14 14:00:42,20.81
2026-06-14 14:01:12,20.81
2026-06-14 14:01:42,20.81
2026-06-14 14:02:12,20.81
2026-06-14 14:02:42,20.81
2026-06-14 14:03:12,20.81
2026-06-14 14:03:42,20.81
2026-06-14 14:04:12,20.81
2026-06-14 14:04:42,20.81
2026-06-14 14:05:12,20.81
2026-06-14 14:05:42,20.81
2026-06-14 14:06:12,20.81
2026-06-14 14:06:42,20.81
2026-06-14 14:07:12,20.88
2026-06-14 14:07:42,20.88
2026-06-14 14:08:12,20.88
2026-06-14 14:08:42,20.88
2026-06-14 14:09:12,20.88
2026-06-14 14:09:42,20.88
2026-06-14 14:10:12,20.88
2026-06-14 14:10:42,20.88
2026-06-14 14:11:12,20.81
2026-06-14 14:11:42,20.88
2026-06-14 14:12:12,20.88
2026-06-14 14:12:42,20.81
2026-06-14 14:13:12,20.81
2026-06-14 14:13:42,20.81
2026-06-14 14:14:12,20.81
2026-06-14 14:14:42,20.81
2026-06-14 14:15:12,20.81
2026-06-14 14:15:42,20.81
2026-06-14 14:16:12,20.81
2026-06-14 14:16:42,20.81
2026-06-14 14:17:12,20.81
2026-06-14 14:17:42,20.81
2026-06-14 14:18:12,20.81
2026-06-14 14:18:42,20.75
2026-06-14 14:19:12,20.75
2026-06-14 14:19:42,20.75
2026-06-14 14:20:12,20.75
2026-06-14 14:20:42,20.75
2026-06-14 14:21:15,20.75
2026-06-14 14:21:42,20.75
2026-06-14 14:22:12,20.75
2026-06-14 14:22:42,20.75
2026-06-14 14:23:12,20.75
2026-06-14 14:23:42,20.75
2026-06-14 14:24:12,20.75
2026-06-14 14:24:42,20.75
2026-06-14 14:25:12,20.75
2026-06-14 14:25:42,20.75
2026-06-14 14:26:12,20.75
2026-06-14 14:26:42,20.75
2026-06-14 14:27:12,20.75
2026-06-14 14:27:42,20.75
2026-06-14 14:28:12,20.75
2026-06-14 14:28:42,20.81
2026-06-14 14:29:12,20.75
2026-06-14 14:29:42,20.75
2026-06-14 14:30:12,20.75
2026-06-14 14:30:42,20.75
2026-06-14 14:31:12,20.75
2026-06-14 14:31:42,20.75
2026-06-14 14:32:12,20.75
2026-06-14 14:32:42,20.75
2026-06-14 14:33:12,20.75
2026-06-14 14:33:42,20.75
2026-06-14 14:34:12,20.75
2026-06-14 14:34:42,20.75
2026-06-14 14:35:12,20.75
2026-06-14 14:35:42,20.75
2026-06-14 14:36:12,20.69
2026-06-14 14:36:42,20.75
2026-06-14 14:37:12,20.69
2026-06-14 14:37:42,20.69
2026-06-14 14:38:12,20.69
2026-06-14 14:38:42,20.69
2026-06-14 14:39:12,20.69
2026-06-14 14:39:42,20.69
2026-06-14 14:40:12,20.69
2026-06-14 14:40:42,20.69
2026-06-14 14:41:12,20.69
2026-06-14 14:41:42,20.69
2026-06-14 14:42:12,20.69
2026-06-14 14:42:42,20.69
2026-06-14 14:43:12,20.69
2026-06-14 14:43:42,20.69
2026-06-14 14:44:12,20.69
2026-06-14 14:44:42,20.69
2026-06-14 14:45:12,20.69
2026-06-14 14:45:42,20.69
2026-06-14 14:46:12,20.69
2026-06-14 14:46:42,20.69
2026-06-14 14:47:12,20.69
2026-06-14 14:47:42,20.69
2026-06-14 14:48:12,20.69
2026-06-14 14:48:42,20.69
2026-06-14 14:49:12,20.69
2026-06-14 14:49:42,20.69
2026-06-14 14:50:12,20.69
2026-06-14 14:50:42,20.69
2026-06-14 14:51:12,20.69
2026-06-14 14:51:42,20.69
2026-06-14 14:52:12,20.69
2026-06-14 14:52:42,20.69
2026-06-14 14:53:12,20.69
2026-06-14 14:53:42,20.69
2026-06-14 14:54:12,20.69
2026-06-14 14:54:42,20.69
2026-06-14 14:55:12,20.62
2026-06-14 14:55:42,20.69
2026-06-14 14:56:12,20.62
2026-06-14 14:56:42,20.62
2026-06-14 14:57:12,20.62
2026-06-14 14:57:42,20.62
2026-06-14 14:58:12,20.62
2026-06-14 14:58:42,20.62
2026-06-14 14:59:12,20.69
2026-06-14 14:59:42,20.69
2026-06-14 15:00:12,20.69
2026-06-14 15:00:42,20.62
2026-06-14 15:01:12,20.62
2026-06-14 15:01:42,20.62
2026-06-14 15:02:12,20.62
2026-06-14 15:02:42,20.62
2026-06-14 15:03:12,20.62
2026-06-14 15:03:42,20.62
2026-06-14 15:04:12,20.62
2026-06-14 15:04:42,20.62
2026-06-14 15:05:12,20.62
2026-06-14 15:05:42,20.62
2026-06-14 15:06:12,20.62
2026-06-14 15:06:42,20.62
2026-06-14 15:07:12,20.62
2026-06-14 15:07:42,20.62
2026-06-14 15:08:12,20.62
2026-06-14 15:08:42,20.62
2026-06-14 15:09:12,20.62
2026-06-14 15:09:42,20.62
2026-06-14 15:10:12,20.62
2026-06-14 15:10:42,20.62
2026-06-14 15:11:12,20.62
2026-06-14 15:11:42,20.62
2026-06-14 15:12:12,20.62
2026-06-14 15:12:42,20.62
2026-06-14 15:13:12,20.62
2026-06-14 15:13:42,20.62
2026-06-14 15:14:12,20.62
2026-06-14 15:14:42,20.62
2026-06-14 15:15:12,20.62
2026-06-14 15:15:42,20.62
2026-06-14 15:16:12,20.62
2026-06-14 15:16:42,20.62
2026-06-14 15:17:12,20.62
2026-06-14 15:17:42,20.62
2026-06-14 15:18:12,20.62
2026-06-14 15:18:42,20.62
2026-06-14 15:19:12,20.62
2026-06-14 15:19:42,20.62
2026-06-14 15:20:12,20.62
2026-06-14 15:20:45,20.62
2026-06-14 15:21:15,20.62
2026-06-14 15:21:42,20.56
2026-06-14 15:22:12,20.56
2026-06-14 15:22:42,20.56
2026-06-14 15:23:12,20.56
2026-06-14 15:23:42,20.62
2026-06-14 15:24:12,20.56
2026-06-14 15:24:42,20.56
2026-06-14 15:25:12,20.56
2026-06-14 15:25:42,20.56
2026-06-14 15:26:12,20.62
2026-06-14 15:26:42,20.62
2026-06-14 15:27:12,20.62
2026-06-14 15:27:42,20.56
2026-06-14 15:28:12,20.62
2026-06-14 15:28:42,20.62
2026-06-14 15:29:12,20.62
2026-06-14 15:29:42,20.62
2026-06-14 15:30:12,20.56
2026-06-14 15:30:42,20.62
2026-06-14 15:31:12,20.56
2026-06-14 15:31:42,20.62
2026-06-14 15:32:12,20.62
2026-06-14 15:32:42,20.62
2026-06-14 15:33:12,20.62
2026-06-14 15:33:42,20.62
2026-06-14 15:34:12,20.62
2026-06-14 15:34:42,20.62
2026-06-14 15:35:12,20.62
2026-06-14 15:35:42,20.62
2026-06-14 15:36:12,20.62
2026-06-14 15:36:42,20.62
2026-06-14 15:37:12,20.62
2026-06-14 15:37:42,20.62
2026-06-14 15:38:12,20.62
2026-06-14 15:38:42,20.62
2026-06-14 15:39:12,20.62
2026-06-14 15:39:42,20.62
2026-06-14 15:40:12,20.62
2026-06-14 15:40:42,20.62
2026-06-14 15:41:12,20.62
2026-06-14 15:41:42,20.62
2026-06-14 15:42:12,20.62
2026-06-14 15:42:42,20.62
2026-06-14 15:43:12,20.62
2026-06-14 15:43:42,20.62
2026-06-14 15:44:12,20.62
2026-06-14 15:44:42,20.56
2026-06-14 15:45:12,20.62
2026-06-14 15:45:42,20.56
2026-06-14 15:46:12,20.56
2026-06-14 15:46:42,20.56
2026-06-14 15:47:12,20.56
2026-06-14 15:47:42,20.56
2026-06-14 15:48:12,20.56
2026-06-14 15:48:42,20.56
2026-06-14 15:49:12,20.56
2026-06-14 15:49:42,20.56
2026-06-14 15:50:12,20.56
2026-06-14 15:50:45,20.56
2026-06-14 15:51:12,20.56
2026-06-14 15:51:42,20.56
2026-06-14 15:52:12,20.56
2026-06-14 15:52:42,20.56
2026-06-14 15:53:12,20.56
2026-06-14 15:53:42,20.56
2026-06-14 15:54:12,20.56
2026-06-14 15:54:42,20.56
2026-06-14 15:55:12,20.56
2026-06-14 15:55:42,20.56
2026-06-14 15:56:12,20.56
2026-06-14 15:56:42,20.62
2026-06-14 15:57:12,20.56
2026-06-14 15:57:42,20.62
2026-06-14 15:58:12,20.62
2026-06-14 15:58:42,20.62
2026-06-14 15:59:12,20.62
2026-06-14 15:59:42,20.62
2026-06-14 16:00:12,20.62
2026-06-14 16:00:42,20.62
2026-06-14 16:01:12,20.62
2026-06-14 16:01:42,20.62
2026-06-14 16:02:12,20.69
2026-06-14 16:02:42,20.69
2026-06-14 16:03:12,20.69
2026-06-14 16:03:42,20.69
2026-06-14 16:04:12,20.75
2026-06-14 16:04:42,20.75
2026-06-14 16:05:12,20.75
2026-06-14 16:05:42,20.75
2026-06-14 16:06:12,20.75
2026-06-14 16:06:42,20.75
2026-06-14 16:07:12,20.81
2026-06-14 16:07:42,20.81
2026-06-14 16:08:12,20.88
2026-06-14 16:08:42,20.88
2026-06-14 16:09:12,20.88
2026-06-14 16:09:42,20.94
2026-06-14 16:10:12,21.0
2026-06-14 16:10:42,21.06
2026-06-14 16:11:12,21.19
2026-06-14 16:11:42,21.19
2026-06-14 16:12:12,21.25
2026-06-14 16:12:42,21.38
2026-06-14 16:13:12,21.44
2026-06-14 16:13:42,21.5
2026-06-14 16:14:12,21.56
2026-06-14 16:14:42,21.62
2026-06-14 16:15:12,21.62
2026-06-14 16:15:42,21.69
2026-06-14 16:16:12,21.75
2026-06-14 16:16:42,21.81
2026-06-14 16:17:12,21.81
2026-06-14 16:17:42,21.81
2026-06-14 16:18:12,21.88
2026-06-14 16:18:45,21.81
2026-06-14 16:19:12,21.81
2026-06-14 16:19:42,21.88
2026-06-14 16:20:12,21.94
2026-06-14 16:20:45,21.81
2026-06-14 16:21:12,21.81
2026-06-14 16:21:42,21.75
2026-06-14 16:22:12,21.69
2026-06-14 16:22:42,21.69
2026-06-14 16:23:12,21.69
2026-06-14 16:23:42,21.75
2026-06-14 16:24:12,21.81
2026-06-14 16:24:42,21.81
2026-06-14 16:25:12,21.81
2026-06-14 16:25:42,21.81
2026-06-14 16:26:12,21.88
2026-06-14 16:26:42,21.75
2026-06-14 16:27:12,21.75
2026-06-14 16:27:42,21.75
2026-06-14 16:28:12,21.75
2026-06-14 16:28:42,21.69
2026-06-14 16:29:12,21.69
2026-06-14 16:29:42,21.69
2026-06-14 16:30:12,21.69
2026-06-14 16:30:42,21.75
2026-06-14 16:31:12,21.75
2026-06-14 16:31:42,21.81
2026-06-14 16:32:12,21.88
2026-06-14 16:32:42,21.88
2026-06-14 16:33:12,21.88
2026-06-14 16:33:42,21.88
2026-06-14 16:34:12,21.88
2026-06-14 16:34:42,21.88
2026-06-14 16:35:12,21.88
2026-06-14 16:35:42,21.94
2026-06-14 16:36:12,21.88
2026-06-14 16:36:42,21.88
2026-06-14 16:37:12,21.88
2026-06-14 16:37:42,21.88
2026-06-14 16:38:12,21.88
2026-06-14 16:38:42,21.88
2026-06-14 16:39:12,21.88
2026-06-14 16:39:42,21.94
2026-06-14 16:40:12,21.88
2026-06-14 16:40:42,21.88
2026-06-14 16:41:12,22.0
2026-06-14 16:41:42,22.06
2026-06-14 16:42:12,22.0
2026-06-14 16:42:42,22.0
2026-06-14 16:43:12,22.0
2026-06-14 16:43:42,21.94
2026-06-14 16:44:12,22.0
2026-06-14 16:44:42,22.0
2026-06-14 16:45:12,21.94
2026-06-14 16:45:42,21.94
2026-06-14 16:46:12,21.94
2026-06-14 16:46:42,21.94
2026-06-14 16:47:12,21.94
2026-06-14 16:47:42,21.94
2026-06-14 16:48:12,21.94
2026-06-14 16:48:42,22.0
2026-06-14 16:49:12,22.0
2026-06-14 16:49:42,22.06
2026-06-14 16:50:12,22.0
2026-06-14 16:50:42,22.06
2026-06-14 16:51:12,22.06
2026-06-14 16:51:42,22.06
2026-06-14 16:52:12,22.06
2026-06-14 16:52:42,22.06
2026-06-14 16:53:12,22.06
2026-06-14 16:53:42,22.06
2026-06-14 16:54:12,22.06
2026-06-14 16:54:42,22.12
2026-06-14 16:55:12,22.12
2026-06-14 16:55:42,22.12
2026-06-14 16:56:12,22.12
2026-06-14 16:56:42,22.19
2026-06-14 16:57:12,22.25
2026-06-14 16:57:42,22.25
2026-06-14 16:58:12,22.25
2026-06-14 16:58:42,22.25
2026-06-14 16:59:12,22.25
2026-06-14 16:59:42,22.25
2026-06-14 17:00:12,22.25
2026-06-14 17:00:42,22.25
2026-06-14 17:01:12,22.25
2026-06-14 17:01:42,22.31
2026-06-14 17:02:12,22.31
2026-06-14 17:02:42,22.31
2026-06-14 17:03:12,22.25
2026-06-14 17:03:42,22.25
2026-06-14 17:04:12,22.25
2026-06-14 17:04:42,22.25
2026-06-14 17:05:12,22.31
2026-06-14 17:05:42,22.31
2026-06-14 17:06:12,22.31
2026-06-14 17:06:42,22.31
2026-06-14 17:07:12,22.31
2026-06-14 17:07:42,22.38
2026-06-14 17:08:12,22.38
2026-06-14 17:08:42,22.38
2026-06-14 17:09:12,22.44
2026-06-14 17:09:42,22.38
2026-06-14 17:10:12,22.44
2026-06-14 17:10:42,22.44
2026-06-14 17:11:12,22.44
2026-06-14 17:11:42,22.44
2026-06-14 17:12:12,22.5
2026-06-14 17:12:42,22.5
2026-06-14 17:13:12,22.5
2026-06-14 17:13:42,22.5
2026-06-14 17:14:12,22.5
2026-06-14 17:14:42,22.56
2026-06-14 17:15:12,22.56
2026-06-14 17:15:42,22.56
2026-06-14 17:16:12,22.62
2026-06-14 17:16:42,22.56
2026-06-14 17:17:12,22.62
2026-06-14 17:17:42,22.62
2026-06-14 17:18:12,22.69
2026-06-14 17:18:42,22.69
2026-06-14 17:19:12,22.69
2026-06-14 17:19:42,22.75
2026-06-14 17:20:15,22.69
2026-06-14 17:20:42,22.69
2026-06-14 17:21:12,22.62
2026-06-14 17:21:42,22.62
2026-06-14 17:22:12,22.56
2026-06-14 17:22:42,22.56
2026-06-14 17:23:12,22.5
2026-06-14 17:23:42,22.5
2026-06-14 17:24:12,22.5
2026-06-14 17:24:42,22.5
2026-06-14 17:25:12,22.56
2026-06-14 17:25:42,22.56
2026-06-14 17:26:12,22.56
2026-06-14 17:26:42,22.56
2026-06-14 17:27:12,22.56
2026-06-14 17:27:42,22.56
2026-06-14 17:28:12,22.56
2026-06-14 17:28:42,22.62
2026-06-14 17:29:12,22.62
2026-06-14 17:29:42,22.62
2026-06-14 17:30:12,22.62
2026-06-14 17:30:42,22.69
2026-06-14 17:31:12,22.69
2026-06-14 17:31:42,22.75
2026-06-14 17:32:12,22.81
2026-06-14 17:32:42,22.75
2026-06-14 17:33:12,22.75
2026-06-14 17:33:42,22.69
2026-06-14 17:34:12,22.75
2026-06-14 17:34:42,22.75
2026-06-14 17:35:15,22.81
2026-06-14 17:35:42,22.75
2026-06-14 17:36:12,22.75
2026-06-14 17:36:42,22.75
2026-06-14 17:37:12,22.75
2026-06-14 17:37:42,22.75
2026-06-14 17:38:12,22.75
2026-06-14 17:38:42,22.81
2026-06-14 17:39:12,22.75
2026-06-14 17:39:42,22.75
2026-06-14 17:40:12,22.75
2026-06-14 17:40:42,22.75
2026-06-14 17:41:12,22.75
2026-06-14 17:41:42,22.75
2026-06-14 17:42:12,22.75
2026-06-14 17:42:42,22.75
2026-06-14 17:43:12,22.75
2026-06-14 17:43:42,22.75
2026-06-14 17:44:12,22.75
2026-06-14 17:44:42,22.75
2026-06-14 17:45:12,22.69
2026-06-14 17:45:42,22.69
2026-06-14 17:46:12,22.69
2026-06-14 17:46:42,22.69
2026-06-14 17:47:12,22.69
2026-06-14 17:47:42,22.75
2026-06-14 17:48:12,22.81
2026-06-14 17:48:42,22.81
2026-06-14 17:49:12,22.81
2026-06-14 17:49:42,22.81
2026-06-14 17:50:12,22.88
2026-06-14 17:50:42,22.88
2026-06-14 17:51:12,22.81
2026-06-14 17:51:42,22.81
2026-06-14 17:52:12,22.81
2026-06-14 17:52:42,22.88
2026-06-14 17:53:12,22.88
2026-06-14 17:53:42,22.88
2026-06-14 17:54:12,22.81
2026-06-14 17:54:42,22.81
2026-06-14 17:55:12,22.75
2026-06-14 17:55:42,22.69
2026-06-14 17:56:12,22.62
2026-06-14 17:56:42,22.56
2026-06-14 17:57:12,22.5
2026-06-14 17:57:42,22.5
2026-06-14 17:58:12,22.5
2026-06-14 17:58:42,22.44
2026-06-14 17:59:12,22.44
2026-06-14 17:59:42,22.44
2026-06-14 18:00:12,22.38
2026-06-14 18:00:42,22.44
2026-06-14 18:01:12,22.38
2026-06-14 18:01:42,22.38
2026-06-14 18:02:12,22.38
2026-06-14 18:02:42,22.38
2026-06-14 18:03:12,22.38
2026-06-14 18:03:42,22.38
2026-06-14 18:04:12,22.31
2026-06-14 18:04:42,22.31
2026-06-14 18:05:12,22.38
2026-06-14 18:05:42,22.31
2026-06-14 18:06:12,22.38
2026-06-14 18:06:42,22.38
2026-06-14 18:07:12,22.38
2026-06-14 18:07:42,22.38
2026-06-14 18:08:12,22.38
2026-06-14 18:08:42,22.38
2026-06-14 18:09:12,22.38
2026-06-14 18:09:42,22.38
2026-06-14 18:10:12,22.38
2026-06-14 18:10:42,22.38
2026-06-14 18:11:12,22.38
2026-06-14 18:11:42,22.38
2026-06-14 18:12:12,22.38
2026-06-14 18:12:42,22.44
2026-06-14 18:13:12,22.44
2026-06-14 18:13:42,22.44
2026-06-14 18:14:12,22.5
2026-06-14 18:14:42,22.5
2026-06-14 18:15:12,22.5
2026-06-14 18:15:42,22.5
2026-06-14 18:16:12,22.5
2026-06-14 18:16:42,22.5
2026-06-14 18:17:12,22.5
2026-06-14 18:17:42,22.5
2026-06-14 18:18:12,22.5
2026-06-14 18:18:42,22.5
2026-06-14 18:19:12,22.56
2026-06-14 18:19:42,22.56
2026-06-14 18:20:12,22.56
2026-06-14 18:20:42,22.62
2026-06-14 18:21:12,22.62
2026-06-14 18:21:42,22.62
2026-06-14 18:22:12,22.69
2026-06-14 18:22:42,22.75
2026-06-14 18:23:12,22.75
2026-06-14 18:23:42,22.75
2026-06-14 18:24:12,22.75
2026-06-14 18:24:42,22.69
2026-06-14 18:25:12,22.69
2026-06-14 18:25:42,22.69
2026-06-14 18:26:12,22.69
2026-06-14 18:26:42,22.69
2026-06-14 18:27:12,22.81
2026-06-14 18:27:42,22.94
2026-06-14 18:28:12,23.0
2026-06-14 18:28:42,22.94
2026-06-14 18:29:12,22.88
2026-06-14 18:29:42,22.88
2026-06-14 18:30:12,22.75
2026-06-14 18:30:42,22.69
2026-06-14 18:31:12,22.62
2026-06-14 18:31:42,22.62
2026-06-14 18:32:12,22.56
2026-06-14 18:32:42,22.56
2026-06-14 18:33:12,22.5
2026-06-14 18:33:45,22.44
2026-06-14 18:34:12,22.5
2026-06-14 18:34:42,22.44
2026-06-14 18:35:12,22.38
2026-06-14 18:35:42,22.38
2026-06-14 18:36:12,22.44
2026-06-14 18:36:42,22.56
2026-06-14 18:37:12,22.56
2026-06-14 18:37:42,22.56
2026-06-14 18:38:12,22.69
2026-06-14 18:38:42,22.75
2026-06-14 18:39:12,22.75
2026-06-14 18:39:42,22.81
2026-06-14 18:40:12,23.0
2026-06-14 18:40:42,23.12
2026-06-15 02:31:38,24.81
2026-06-15 02:32:08,24.88
2026-06-15 02:32:38,24.81
2026-06-15 02:33:08,24.81
2026-06-15 02:33:38,24.69
2026-06-15 02:34:08,24.75
2026-06-15 02:34:38,24.81
2026-06-15 02:35:08,24.81
2026-06-15 02:35:38,24.81
2026-06-15 02:36:08,24.81
2026-06-15 02:36:38,24.88
2026-06-15 02:37:08,24.88
2026-06-15 02:37:38,24.88
2026-06-15 02:38:08,24.88
2026-06-15 02:38:38,24.94
2026-06-15 02:39:08,24.94
2026-06-15 02:39:38,25.0
2026-06-15 02:40:08,24.94
2026-06-15 02:40:38,24.94
2026-06-15 02:41:08,24.94
2026-06-15 02:41:38,24.94
2026-06-15 02:42:08,24.94
2026-06-15 02:42:39,24.88
2026-06-15 02:43:08,24.88
2026-06-15 02:43:38,24.94
2026-06-15 02:44:09,24.88
2026-06-15 02:44:38,24.94
2026-06-15 02:45:08,24.88
2026-06-15 02:45:39,24.88
2026-06-15 02:46:09,24.88
2026-06-15 02:46:38,24.88
2026-06-15 02:47:08,24.88
2026-06-15 02:47:38,24.88
2026-06-15 02:48:09,24.88
2026-06-15 02:48:39,24.75
2026-06-15 02:49:08,24.75
2026-06-15 02:49:38,24.75
2026-06-15 02:50:08,24.81
2026-06-15 02:50:39,24.75
2026-06-15 02:51:08,24.81
2026-06-15 02:51:38,24.75
2026-06-15 02:52:08,24.75
2026-06-15 02:52:38,24.75
2026-06-15 02:53:08,24.75
2026-06-15 02:53:38,24.75
2026-06-15 02:54:08,24.69
2026-06-15 02:54:38,24.69
2026-06-15 02:55:08,24.69
2026-06-15 02:55:38,24.69
2026-06-15 02:56:08,24.75
2026-06-15 02:56:38,24.75
2026-06-15 02:57:08,24.81
2026-06-15 02:57:38,24.88
2026-06-15 02:58:08,24.88
2026-06-15 02:58:38,24.94
2026-06-15 02:59:08,24.94
2026-06-15 02:59:39,24.94
2026-06-15 03:00:08,24.94
2026-06-15 03:00:39,25.0
2026-06-15 03:01:08,25.0
2026-06-15 03:01:38,25.0
2026-06-15 03:02:09,25.0
2026-06-15 03:02:39,25.0
2026-06-15 03:03:08,25.06
2026-06-15 03:03:38,25.06
2026-06-15 03:04:09,25.0
2026-06-15 03:04:38,25.06
2026-06-15 03:05:08,25.0
2026-06-15 03:05:39,25.0
2026-06-15 03:06:08,25.0
2026-06-15 03:06:39,25.0
2026-06-15 03:07:08,25.0
2026-06-15 03:07:38,24.94
2026-06-15 03:08:08,25.0
2026-06-15 03:08:38,24.94
2026-06-15 03:09:08,24.94
2026-06-15 03:09:38,24.94
2026-06-15 03:10:08,24.94
2026-06-15 03:10:38,24.94
2026-06-15 03:11:08,24.88
2026-06-15 03:11:38,24.88
2026-06-15 03:12:08,24.88
2026-06-15 03:12:38,24.88
2026-06-15 03:13:08,24.88
2026-06-15 03:13:38,24.88
2026-06-15 03:14:09,24.94
2026-06-15 03:14:38,24.94
2026-06-15 03:15:08,24.94
2026-06-15 03:15:38,24.88
2026-06-15 03:16:09,24.88
2026-06-15 03:16:39,24.88
2026-06-15 03:17:08,24.88
2026-06-15 03:17:38,24.88
2026-06-15 03:18:09,24.88
2026-06-15 03:18:39,24.88
2026-06-15 03:19:08,24.88
2026-06-15 03:19:38,24.88
2026-06-15 03:20:08,24.88
2026-06-15 03:20:39,24.94
2026-06-15 03:21:08,24.94
2026-06-15 03:21:39,24.94
2026-06-15 03:22:08,25.0
2026-06-15 03:22:38,25.0
2026-06-15 03:23:08,24.94
2026-06-15 03:23:38,24.88
2026-06-15 03:24:08,24.88
2026-06-15 03:24:38,24.94
2026-06-15 03:25:08,25.0
2026-06-15 03:25:38,25.0
2026-06-15 03:26:08,24.94
2026-06-15 03:26:39,24.94
2026-06-15 03:27:08,25.0
2026-06-15 03:27:39,25.0
2026-06-15 03:28:09,25.0
2026-06-15 03:28:38,25.0
2026-06-15 03:29:08,25.0
2026-06-15 03:29:39,25.06
2026-06-15 03:30:09,25.12
2026-06-15 03:30:38,25.12
2026-06-15 03:31:08,25.06
2026-06-15 03:31:38,25.06
2026-06-15 03:32:08,25.06
2026-06-15 03:32:39,25.12
2026-06-15 03:33:08,25.12
2026-06-15 03:33:38,25.12
2026-06-15 03:34:09,25.06
2026-06-15 03:34:38,25.06
2026-06-15 03:35:08,25.06
2026-06-15 03:35:38,25.0
2026-06-15 03:36:08,25.0
2026-06-15 03:36:38,24.94
2026-06-15 03:37:08,25.0
2026-06-15 03:37:38,25.0
2026-06-15 03:38:08,25.06
2026-06-15 03:38:38,25.06
2026-06-15 03:39:08,25.12
2026-06-15 03:39:38,25.12
2026-06-15 03:40:08,25.06
2026-06-15 03:40:38,25.0
2026-06-15 03:41:08,25.0
2026-06-15 03:41:38,25.06
2026-06-15 03:42:08,25.06
2026-06-15 03:42:38,25.06
2026-06-15 03:43:08,25.06
2026-06-15 03:43:39,25.06
2026-06-15 03:44:08,25.06
2026-06-15 03:44:39,25.06
2026-06-15 03:45:08,25.06
2026-06-15 03:45:39,25.06
2026-06-15 03:46:08,25.06
2026-06-15 03:46:39,25.06
2026-06-15 03:47:08,25.06
2026-06-15 03:47:38,25.06
2026-06-15 03:48:08,25.06
2026-06-15 03:48:39,25.06
2026-06-15 03:49:08,25.12
2026-06-15 03:49:39,25.12
2026-06-15 03:50:08,25.06
2026-06-15 03:50:39,25.06
2026-06-15 03:51:08,25.06
2026-06-15 03:51:38,25.12
2026-06-15 03:52:08,25.06
2026-06-15 03:52:38,25.06
2026-06-15 03:53:08,25.06
2026-06-15 03:53:38,25.06
2026-06-15 03:54:08,25.06
2026-06-15 03:54:38,25.06
2026-06-15 03:55:08,25.06
2026-06-15 03:55:38,25.06
2026-06-15 03:56:08,25.06
2026-06-15 03:56:38,25.0
2026-06-15 03:57:08,25.06
2026-06-15 03:57:39,25.06
2026-06-15 03:58:09,25.06
2026-06-15 03:58:38,25.06
2026-06-15 03:59:08,25.06
2026-06-15 03:59:39,25.12
2026-06-15 04:00:09,25.12
2026-06-15 04:00:39,25.19
2026-06-15 04:01:08,25.25
2026-06-15 04:01:38,25.25
2026-06-15 04:02:09,25.25
2026-06-15 04:02:38,25.25
2026-06-15 04:03:08,25.25
2026-06-15 04:03:38,25.19
2026-06-15 04:04:08,25.25
2026-06-15 04:04:39,25.25
2026-06-15 04:05:08,25.31
2026-06-15 04:05:38,25.31
2026-06-15 04:06:08,25.25
2026-06-15 04:06:38,25.25
2026-06-15 04:07:08,25.25
2026-06-15 04:07:38,25.25
2026-06-15 04:08:08,25.19
2026-06-15 04:08:38,25.12
2026-06-15 04:09:08,25.19
2026-06-15 04:09:38,25.19
2026-06-15 04:10:08,25.19
2026-06-15 04:10:38,25.12
2026-06-15 04:11:08,25.12
2026-06-15 04:11:39,25.19
2026-06-15 04:12:08,25.12
2026-06-15 04:12:38,25.19
2026-06-15 04:13:08,25.19
2026-06-15 04:13:38,25.12
2026-06-15 04:14:09,25.12
2026-06-15 04:14:39,25.19
2026-06-15 04:15:08,25.19
2026-06-15 04:15:39,25.25
2026-06-15 04:16:08,25.19
2026-06-15 04:16:39,25.25
2026-06-15 04:17:08,25.19
2026-06-15 04:17:38,25.19
2026-06-15 04:18:08,25.19
2026-06-15 04:18:38,25.19
2026-06-15 04:19:08,25.19
2026-06-15 04:19:39,25.19
2026-06-15 04:20:08,25.19
2026-06-15 04:20:38,25.25
2026-06-15 04:21:08,25.19
2026-06-15 04:21:38,25.25
2026-06-15 04:22:08,25.25
2026-06-15 04:22:38,25.19
2026-06-15 04:23:08,25.12
2026-06-15 04:23:38,25.06
2026-06-15 04:24:08,25.12
2026-06-15 04:24:38,25.25
2026-06-15 04:25:08,25.25
2026-06-15 04:25:39,25.19
2026-06-15 04:26:08,25.19
2026-06-15 04:26:38,25.12
2026-06-15 04:27:08,25.06
2026-06-15 04:27:39,25.06
2026-06-15 04:28:09,25.0
2026-06-15 04:28:39,25.06
2026-06-15 04:29:08,25.12
2026-06-15 04:29:39,25.12
2026-06-15 04:30:09,25.12
2026-06-15 04:30:38,25.19
2026-06-15 04:31:08,25.19
2026-06-15 04:31:38,25.25
2026-06-15 04:32:09,25.19
2026-06-15 04:32:39,25.19
2026-06-15 04:33:08,25.19
2026-06-15 04:33:39,25.12
2026-06-15 04:34:09,25.12
2026-06-15 04:34:38,25.19
2026-06-15 04:35:08,25.12
2026-06-15 04:35:38,25.0
2026-06-15 04:36:09,25.0
2026-06-15 04:36:38,25.0
2026-06-15 04:37:08,25.0
2026-06-15 04:37:38,25.0
2026-06-15 04:38:08,25.0
2026-06-15 04:38:38,25.0
2026-06-15 04:39:08,25.06
2026-06-15 04:39:38,25.06
2026-06-15 04:40:08,25.12
2026-06-15 04:40:38,25.06
2026-06-15 04:41:08,25.06
2026-06-15 04:41:41,25.06
2026-06-15 04:42:08,25.0
2026-06-15 04:42:38,25.06
2026-06-15 04:43:08,25.06
2026-06-15 04:43:39,25.0
2026-06-15 04:44:08,25.0
2026-06-15 04:44:39,25.0
2026-06-15 04:45:08,25.0
2026-06-15 04:45:38,25.0
2026-06-15 04:46:08,25.0
2026-06-15 04:46:38,24.94
2026-06-15 04:47:08,24.88
2026-06-15 04:47:38,24.88
2026-06-15 04:48:08,24.94
2026-06-15 04:48:39,24.94
2026-06-15 04:49:08,24.94
2026-06-15 04:49:38,24.94
2026-06-15 04:50:08,24.94
2026-06-15 04:50:38,24.94
2026-06-15 04:51:08,24.94
2026-06-15 04:51:38,25.0
2026-06-15 04:52:08,25.06
2026-06-15 04:52:38,25.12
2026-06-15 04:53:08,25.19
2026-06-15 04:53:38,25.19
2026-06-15 04:54:08,25.19
2026-06-15 04:54:39,25.19
2026-06-15 04:55:11,25.19
2026-06-15 04:55:39,25.19
2026-06-15 04:56:08,25.19
2026-06-15 04:56:38,25.12
2026-06-15 04:57:08,25.12
2026-06-15 04:57:39,25.12
2026-06-15 04:58:08,25.12
2026-06-15 04:58:39,25.19
2026-06-15 04:59:09,25.19
2026-06-15 04:59:38,25.19
2026-06-15 05:00:08,25.19
2026-06-15 05:00:38,25.19
2026-06-15 05:01:08,25.19
2026-06-15 05:01:39,25.19
2026-06-15 05:02:08,25.12
2026-06-15 05:02:38,25.06
2026-06-15 05:03:08,25.06
2026-06-15 05:03:38,25.0
2026-06-15 05:04:08,25.06
2026-06-15 05:04:38,25.0
2026-06-15 05:05:08,25.0
2026-06-15 05:05:38,24.94
2026-06-15 05:06:08,24.88
2026-06-15 05:06:38,24.81
2026-06-15 05:07:08,24.94
2026-06-15 05:07:38,24.88
2026-06-15 05:08:08,24.88
2026-06-15 05:08:38,24.88
2026-06-15 05:09:08,24.88
2026-06-15 05:09:39,24.94
2026-06-15 05:10:09,25.0
2026-06-15 05:10:38,25.0
2026-06-15 05:11:08,25.0
2026-06-15 05:11:38,24.94
2026-06-15 05:12:08,24.94
2026-06-15 05:12:39,24.94
2026-06-15 05:13:08,24.94
2026-06-15 05:13:38,24.94
2026-06-15 05:14:08,24.81
2026-06-15 05:14:38,24.75
2026-06-15 05:15:08,24.81
2026-06-15 05:15:39,24.81
2026-06-15 05:16:08,24.88
2026-06-15 05:16:38,24.88
2026-06-15 05:17:08,24.94
2026-06-15 05:17:38,24.94
2026-06-15 05:18:08,24.88
2026-06-15 05:18:38,24.81
2026-06-15 05:19:08,24.81
2026-06-15 05:19:38,24.81
2026-06-15 05:20:08,24.75
2026-06-15 05:20:38,24.75
2026-06-15 05:21:08,24.69
2026-06-15 05:21:38,24.62
2026-06-15 05:22:08,24.62
2026-06-15 05:22:38,24.56
2026-06-15 05:23:08,24.56
2026-06-15 19:15:53,26.31
2026-06-15 19:16:23,26.31
2026-06-15 19:16:53,26.31
2026-06-15 19:17:23,26.31
2026-06-15 19:17:50,26.38
2026-06-15 19:18:23,26.38
2026-06-15 19:18:53,26.38
2026-06-15 19:19:20,26.38
2026-06-15 19:19:50,26.38
2026-06-15 19:20:23,26.38
2026-06-15 19:20:50,26.38
2026-06-15 19:21:23,26.44
2026-06-15 20:56:38,26.62
2026-06-15 20:57:08,26.56
2026-06-15 20:57:38,26.62
2026-06-15 20:58:08,26.62
2026-06-15 20:58:38,26.69
2026-06-15 20:59:08,26.75
2026-06-15 20:59:38,26.75
2026-06-15 21:00:08,26.75
2026-06-15 21:00:38,26.75
2026-06-15 21:01:08,26.69
2026-06-15 21:01:38,26.62
2026-06-15 21:02:08,26.62
2026-06-15 21:02:38,26.69
2026-06-15 21:03:08,26.62
2026-06-15 21:03:38,26.62
2026-06-15 21:04:08,26.69
2026-06-15 21:04:38,26.69
2026-06-15 21:05:08,26.69
2026-06-15 21:05:38,26.69
2026-06-15 21:06:08,26.69
2026-06-15 21:06:38,26.69
2026-06-15 21:07:08,26.69
2026-06-15 21:07:38,26.69
2026-06-15 21:08:08,26.69
2026-06-15 21:08:38,26.69
2026-06-15 21:09:08,26.69
2026-06-15 21:09:38,26.75
2026-06-15 21:10:08,26.75
2026-06-15 21:10:38,26.75
2026-06-15 21:11:08,26.75
2026-06-15 21:11:38,26.75
2026-06-15 21:12:08,26.75
2026-06-15 21:12:38,26.75
2026-06-15 21:13:08,26.69
2026-06-15 21:13:38,26.69
2026-06-15 21:14:08,26.69
2026-06-15 21:14:38,26.69
2026-06-15 21:15:08,26.69
2026-06-15 21:15:38,26.69
2026-06-15 21:16:08,26.69
2026-06-15 21:16:38,26.69
2026-06-15 21:17:08,26.69
2026-06-15 21:17:38,26.69
2026-06-15 21:18:08,26.69
2026-06-15 21:18:38,26.69
2026-06-15 21:19:08,26.69
2026-06-15 21:19:38,26.75
2026-06-15 21:20:08,26.75
2026-06-15 21:20:38,26.75
2026-06-15 21:21:08,26.69
2026-06-15 21:21:38,26.75
2026-06-15 21:22:08,26.69
2026-06-15 21:22:38,26.69
2026-06-15 21:23:08,26.69
2026-06-15 21:23:38,26.69
2026-06-15 21:24:08,26.69
2026-06-15 21:24:38,26.69
2026-06-15 21:25:08,26.69
2026-06-15 21:25:38,26.62
2026-06-15 21:26:08,26.62
2026-06-15 21:26:38,26.62
2026-06-15 21:27:08,26.62
2026-06-15 21:27:38,26.69
2026-06-15 21:28:08,26.69
2026-06-15 21:28:38,26.69
2026-06-15 21:29:08,26.69
2026-06-15 21:29:38,26.69
2026-06-15 21:30:08,26.69
2026-06-15 21:30:38,26.75
2026-06-15 21:31:08,26.75
2026-06-15 21:31:38,26.69
2026-06-15 21:32:08,26.69
2026-06-15 21:32:38,26.75
2026-06-15 21:33:08,26.75
2026-06-15 21:33:38,26.69
2026-06-15 21:34:08,26.69
2026-06-15 21:34:38,26.69
2026-06-15 21:35:08,26.62
2026-06-15 21:35:38,26.69
2026-06-15 21:36:08,26.69
2026-06-15 21:36:38,26.69
2026-06-15 21:37:08,26.62
2026-06-15 21:37:38,26.62
2026-06-15 21:38:08,26.62
2026-06-15 21:38:38,26.69
2026-06-15 21:39:08,26.62
2026-06-15 21:39:38,26.62
2026-06-15 21:40:08,26.69
2026-06-15 21:40:38,26.62
2026-06-15 21:41:08,26.62
2026-06-15 21:41:38,26.62
2026-06-15 21:42:08,26.62
2026-06-15 21:42:38,26.69
2026-06-15 21:43:08,26.69
2026-06-15 21:43:38,26.69
2026-06-15 21:44:08,26.69
2026-06-15 21:44:38,26.69
2026-06-15 21:45:08,26.69
2026-06-15 21:45:38,26.69
2026-06-15 21:46:08,26.69
2026-06-15 21:46:38,26.69
2026-06-15 21:47:08,26.69
2026-06-15 21:47:38,26.69
2026-06-15 21:48:08,26.69
2026-06-15 21:48:38,26.75
2026-06-15 21:49:08,26.75
2026-06-15 21:49:38,26.75
2026-06-15 21:50:08,26.75
2026-06-15 21:50:38,26.75
2026-06-15 21:51:08,26.75
2026-06-15 21:51:38,26.75
2026-06-15 21:52:08,26.75
2026-06-15 21:52:38,26.69
2026-06-15 21:53:08,26.69
2026-06-15 21:53:38,26.69
2026-06-15 21:54:08,26.69
2026-06-15 21:54:38,26.69
2026-06-15 21:55:08,26.69
2026-06-15 21:55:38,26.69
2026-06-15 21:56:08,26.69
2026-06-15 21:56:38,26.69
2026-06-15 21:57:08,26.69
2026-06-15 21:57:38,26.69
2026-06-15 21:58:08,26.69
2026-06-15 21:58:38,26.69
2026-06-15 21:59:08,26.75
2026-06-15 21:59:38,26.75
2026-06-15 22:00:08,26.75
2026-06-15 22:00:38,26.75
2026-06-15 22:01:08,26.75
2026-06-15 22:01:38,26.75
2026-06-15 22:02:08,26.75
2026-06-15 22:02:38,26.75
2026-06-15 22:03:08,26.75
2026-06-15 22:03:38,26.69
2026-06-15 22:04:08,26.75
2026-06-15 22:04:38,26.75
2026-06-15 22:05:08,26.75
2026-06-15 22:05:38,26.75
2026-06-15 22:06:08,26.75
2026-06-15 22:06:38,26.75
2026-06-15 22:07:08,26.81
2026-06-15 22:07:38,26.75
2026-06-15 22:08:08,26.75
2026-06-15 22:08:38,26.75
2026-06-15 22:09:08,26.69
2026-06-15 22:09:38,26.69
2026-06-15 22:10:08,26.69
2026-06-15 22:10:38,26.69
2026-06-15 22:11:08,26.69
2026-06-15 22:11:38,26.69
2026-06-15 22:12:08,26.69
2026-06-15 22:12:38,26.69
2026-06-15 22:13:08,26.69
2026-06-15 22:13:38,26.62
2026-06-15 22:14:08,26.62
2026-06-15 22:14:38,26.69
2026-06-15 22:15:08,26.69
2026-06-15 22:15:38,26.69
2026-06-15 22:16:08,26.62
2026-06-15 22:16:38,26.62
2026-06-15 22:17:08,26.62
2026-06-15 22:17:38,26.62
2026-06-15 22:18:08,26.62
2026-06-15 22:18:38,26.62
2026-06-15 22:19:08,26.62
2026-06-15 22:19:38,26.62
2026-06-15 22:20:08,26.62
2026-06-15 22:20:38,26.62
2026-06-15 22:21:08,26.56
2026-06-15 22:21:38,26.56
2026-06-15 22:22:08,26.56
2026-06-15 22:22:38,26.56
2026-06-15 22:23:08,26.62
2026-06-15 22:23:38,26.62
2026-06-15 22:24:08,26.56
2026-06-15 22:24:38,26.56
2026-06-15 22:25:08,26.56
2026-06-15 22:25:38,26.56
2026-06-15 22:26:08,26.56
2026-06-15 22:26:38,26.56
2026-06-15 22:27:08,26.56
2026-06-15 22:27:38,26.56
2026-06-15 22:28:08,26.56
2026-06-15 22:28:38,26.56
2026-06-15 22:29:08,26.56
2026-06-15 22:29:38,26.5
2026-06-15 22:30:08,26.5
2026-06-15 22:30:38,26.5
2026-06-15 22:31:08,26.5
2026-06-15 22:31:38,26.56
2026-06-15 22:32:08,26.56
2026-06-15 22:32:38,26.56
2026-06-15 22:33:08,26.5
2026-06-15 22:33:38,26.5
2026-06-15 22:34:08,26.5
2026-06-15 22:34:38,26.5
2026-06-15 22:35:08,26.44
2026-06-15 22:35:38,26.5
2026-06-15 22:36:08,26.44
2026-06-15 22:36:38,26.38
2026-06-15 22:37:08,26.38
2026-06-15 22:37:38,26.44
2026-06-15 22:38:08,26.38
2026-06-15 22:38:38,26.38
2026-06-15 22:39:08,26.38
2026-06-15 22:39:38,26.38
2026-06-15 22:40:08,26.38
2026-06-15 22:40:38,26.38
2026-06-15 22:41:08,26.38
2026-06-15 22:41:38,26.38
2026-06-15 22:42:08,26.38
2026-06-15 22:42:38,26.31
2026-06-15 22:43:08,26.38
2026-06-15 22:43:38,26.38
2026-06-15 22:44:08,26.38
2026-06-15 22:44:38,26.38
2026-06-15 22:45:08,26.31
2026-06-15 22:45:38,26.31
2026-06-15 22:46:08,26.31
2026-06-15 22:46:38,26.31
2026-06-15 22:47:08,26.38
2026-06-15 22:47:38,26.44
2026-06-15 22:48:08,26.38
2026-06-15 22:48:41,26.38
2026-06-15 22:49:08,26.38
2026-06-15 22:49:38,26.44
2026-06-15 22:50:08,26.44
2026-06-15 22:50:38,26.44
2026-06-15 22:51:08,26.44
2026-06-15 22:51:38,26.44
2026-06-15 22:52:08,26.44
2026-06-15 22:52:38,26.44
2026-06-15 22:53:08,26.38
2026-06-15 22:53:38,26.38
2026-06-15 22:54:08,26.44
2026-06-15 22:54:38,26.38
2026-06-15 22:55:08,26.38
2026-06-15 22:55:38,26.44
2026-06-15 22:56:08,26.44
2026-06-15 22:56:38,26.44
2026-06-15 22:57:08,26.5
2026-06-15 22:57:38,26.44
2026-06-15 22:58:08,26.5
2026-06-15 22:58:38,26.5
2026-06-15 22:59:08,26.56
2026-06-15 22:59:38,26.5
2026-06-15 23:00:08,26.56
2026-06-15 23:00:38,26.62
2026-06-15 23:01:08,26.62
2026-06-15 23:01:38,26.62
2026-06-15 23:02:08,26.56
2026-06-15 23:02:38,26.62
2026-06-15 23:03:08,26.62
2026-06-15 23:03:38,26.62
2026-06-15 23:04:08,26.69
2026-06-15 23:04:38,26.69
2026-06-15 23:05:08,26.69
2026-06-15 23:05:38,26.69
2026-06-15 23:06:08,26.69
2026-06-15 23:06:38,26.69
2026-06-15 23:07:08,26.69
2026-06-15 23:07:38,26.69
2026-06-15 23:08:08,26.69
2026-06-15 23:08:38,26.75
2026-06-15 23:09:08,26.69
2026-06-15 23:09:38,26.69
2026-06-15 23:10:08,26.75
2026-06-15 23:10:38,26.75
2026-06-15 23:11:08,26.75
2026-06-15 23:11:38,26.75
2026-06-15 23:12:08,26.75
2026-06-15 23:12:38,26.75
2026-06-15 23:13:08,26.75
2026-06-15 23:13:38,26.75
2026-06-15 23:14:08,26.81
2026-06-15 23:14:38,26.81
2026-06-15 23:15:08,26.81
2026-06-15 23:15:38,26.75
2026-06-15 23:16:08,26.75
2026-06-15 23:16:38,26.75
2026-06-15 23:17:08,26.75
2026-06-15 23:17:38,26.75
2026-06-15 23:18:08,26.75
2026-06-15 23:18:38,26.75
2026-06-15 23:19:08,26.75
2026-06-15 23:19:38,26.75
2026-06-15 23:20:08,26.81
2026-06-15 23:20:38,26.81
2026-06-15 23:21:08,26.81
2026-06-15 23:21:38,26.81
2026-06-15 23:22:08,26.88
2026-06-15 23:22:38,26.88
2026-06-15 23:23:08,26.88
2026-06-15 23:23:38,26.88
2026-06-15 23:24:08,26.81
2026-06-15 23:24:38,26.81
2026-06-15 23:25:08,26.81
2026-06-15 23:25:38,26.81
2026-06-15 23:26:08,26.81
2026-06-15 23:26:38,26.81
2026-06-15 23:27:08,26.81
2026-06-15 23:27:38,26.81
2026-06-15 23:28:08,26.81
2026-06-15 23:28:38,26.81
2026-06-15 23:29:08,26.81
2026-06-15 23:29:38,26.81
2026-06-15 23:30:08,26.75
2026-06-15 23:30:38,26.81
2026-06-15 23:31:08,26.81
2026-06-15 23:31:38,26.81
2026-06-15 23:32:08,26.81
2026-06-15 23:32:38,26.75
2026-06-15 23:33:08,26.81
2026-06-15 23:33:38,26.81
2026-06-15 23:34:08,26.81
2026-06-15 23:34:38,26.75
2026-06-15 23:35:08,26.81
2026-06-15 23:35:38,26.81
2026-06-15 23:36:08,26.81
2026-06-15 23:36:38,26.88
2026-06-15 23:37:08,26.88
2026-06-15 23:37:38,26.88
2026-06-15 23:38:08,26.81
2026-06-15 23:38:38,26.81
2026-06-15 23:39:08,26.81
2026-06-15 23:39:38,26.81
2026-06-15 23:40:08,26.81
2026-06-15 23:40:38,26.81
2026-06-15 23:41:08,26.81
2026-06-15 23:41:38,26.81
2026-06-15 23:42:08,26.88
2026-06-15 23:42:38,26.88
2026-06-15 23:43:08,26.88
2026-06-15 23:43:38,26.88
2026-06-15 23:44:08,26.88
2026-06-15 23:44:38,26.88
2026-06-15 23:45:08,26.88
2026-06-15 23:45:38,26.94
2026-06-15 23:46:08,26.88
2026-06-15 23:46:38,26.88
2026-06-15 23:47:08,26.88
2026-06-15 23:47:38,26.88
2026-06-15 23:48:08,26.88
2026-06-15 23:48:38,26.88
2026-06-15 23:49:08,26.88
2026-06-15 23:49:38,26.88
2026-06-15 23:50:08,26.88
2026-06-15 23:50:38,26.81
2026-06-15 23:51:08,26.88
2026-06-15 23:51:38,26.88
2026-06-15 23:52:08,26.88
2026-06-15 23:52:38,26.88
2026-06-15 23:53:08,26.94
2026-06-15 23:53:38,26.88
2026-06-15 23:54:08,26.88
2026-06-15 23:54:38,26.88
2026-06-15 23:55:08,26.81
2026-06-15 23:55:38,26.81
2026-06-15 23:56:08,26.81
2026-06-15 23:56:38,26.81
2026-06-15 23:57:08,26.81
2026-06-15 23:57:38,26.88
2026-06-15 23:58:08,26.88
2026-06-15 23:58:38,26.88
2026-06-15 23:59:08,26.88
2026-06-15 23:59:38,26.94
2026-06-16 00:00:08,26.94
2026-06-16 00:00:38,26.94
2026-06-16 00:01:08,26.94
2026-06-16 00:01:38,26.94
2026-06-16 00:02:08,26.94
2026-06-16 00:02:38,26.94
2026-06-16 00:03:08,26.94
2026-06-16 00:03:38,26.94
2026-06-16 00:04:08,26.94
2026-06-16 00:04:38,26.88
2026-06-16 00:05:08,26.88
2026-06-16 00:05:38,26.88
2026-06-16 00:06:08,26.94
2026-06-16 00:06:38,26.94
2026-06-16 00:07:08,26.94
2026-06-16 00:07:38,26.88
2026-06-16 00:08:08,26.88
2026-06-16 00:08:38,26.81
2026-06-16 00:09:08,26.81
2026-06-16 00:09:38,26.81
2026-06-16 00:10:08,26.88
2026-06-16 00:10:38,26.81
2026-06-16 00:11:08,26.88
2026-06-16 00:11:38,26.88
2026-06-16 00:12:08,26.88
2026-06-16 00:12:38,26.88
2026-06-16 00:13:08,26.94
2026-06-16 00:13:38,26.94
2026-06-16 00:14:08,27.0
2026-06-16 00:14:38,27.0
2026-06-16 00:15:08,27.0
2026-06-16 00:15:38,27.0
2026-06-16 00:16:08,27.0
2026-06-16 00:16:38,27.0
2026-06-16 00:17:08,27.0
2026-06-16 00:17:38,27.0
2026-06-16 00:18:08,27.0
2026-06-16 00:18:38,27.0
2026-06-16 00:19:08,27.0
2026-06-16 00:19:38,27.0
2026-06-16 00:20:08,27.0
2026-06-16 00:20:38,27.06
2026-06-16 00:21:08,27.06
2026-06-16 00:21:38,27.06
2026-06-16 00:22:08,27.06
2026-06-16 00:22:38,27.06
2026-06-16 00:23:08,27.06
2026-06-16 00:23:38,27.06
2026-06-16 00:24:08,27.06
2026-06-16 00:24:38,27.06
2026-06-16 00:25:08,27.06
2026-06-16 00:25:38,27.0
2026-06-16 00:26:08,27.0
2026-06-16 00:26:38,26.94
2026-06-16 00:27:08,27.0
2026-06-16 00:27:38,27.0
2026-06-16 00:28:08,27.06
2026-06-16 00:28:38,27.0
2026-06-16 00:29:08,27.0
2026-06-16 00:29:38,27.0
2026-06-16 00:30:08,27.0
2026-06-16 00:30:38,27.0
2026-06-16 00:31:08,27.06
2026-06-16 00:31:38,27.06
2026-06-16 00:32:08,27.06
2026-06-16 00:32:38,27.06
2026-06-16 00:33:08,27.0
2026-06-16 00:33:38,27.06
2026-06-16 00:34:08,27.06
2026-06-16 00:34:38,27.06
2026-06-16 00:35:08,27.06
2026-06-16 00:35:38,27.12
2026-06-16 00:36:08,27.06
2026-06-16 00:36:38,27.12
2026-06-16 00:37:08,27.06
2026-06-16 00:37:38,27.06
2026-06-16 00:38:08,27.06
2026-06-16 00:38:38,27.06
2026-06-16 00:39:08,27.06
2026-06-16 00:39:38,27.06
2026-06-16 00:40:08,27.06
2026-06-16 00:40:38,27.06
2026-06-16 00:41:08,27.06
2026-06-16 00:41:38,27.06
2026-06-16 00:42:08,27.06
2026-06-16 00:42:38,27.06
2026-06-16 00:43:08,27.06
2026-06-16 00:43:38,27.06
2026-06-16 00:44:08,27.12
2026-06-16 00:44:38,27.12
2026-06-16 00:45:08,27.12
2026-06-16 00:45:38,27.06
2026-06-16 00:46:08,27.12
2026-06-16 00:46:38,27.12
2026-06-16 00:47:08,27.12
2026-06-16 00:47:38,27.12
2026-06-16 00:48:08,27.06
2026-06-16 00:48:38,27.12
2026-06-16 00:49:08,27.06
2026-06-16 00:49:38,27.12
2026-06-16 00:50:08,27.12
2026-06-16 00:50:38,27.12
2026-06-16 00:51:08,27.12
2026-06-16 00:51:38,27.12
2026-06-16 00:52:08,27.06
2026-06-16 00:52:38,27.06
2026-06-16 00:53:08,27.06
2026-06-16 00:53:38,27.12
2026-06-16 00:54:08,27.06
2026-06-16 00:54:38,27.12
2026-06-16 00:55:08,27.12
2026-06-16 00:55:38,27.06
2026-06-16 00:56:08,27.06
2026-06-16 00:56:38,27.06
2026-06-16 00:57:08,27.0
2026-06-16 00:57:38,27.06
2026-06-16 00:58:08,27.12
2026-06-16 00:58:38,27.06
2026-06-16 00:59:08,27.06
2026-06-16 00:59:38,27.06
2026-06-16 01:00:08,27.06
2026-06-16 01:00:38,27.06
2026-06-16 01:01:08,27.06
2026-06-16 01:01:38,27.06
2026-06-16 01:02:08,27.06
2026-06-16 01:02:38,27.06
2026-06-16 01:03:08,27.06
2026-06-16 01:03:38,27.0
2026-06-16 01:04:08,27.06
2026-06-16 01:04:38,27.06
2026-06-16 01:05:08,27.06
2026-06-16 01:05:38,27.06
2026-06-16 01:06:08,27.0
2026-06-16 01:06:38,27.0
2026-06-16 01:07:08,27.0
2026-06-16 01:07:38,27.0
2026-06-16 01:08:08,27.06
2026-06-16 01:08:38,27.0
2026-06-16 01:09:08,27.06
2026-06-16 01:09:38,27.0
2026-06-16 01:10:08,27.0
2026-06-16 01:10:38,27.0
2026-06-16 01:11:08,27.0
2026-06-16 01:11:38,27.06
2026-06-16 01:12:08,27.06
2026-06-16 01:12:38,27.12
2026-06-16 01:13:11,27.06
2026-06-16 01:13:38,27.06
2026-06-16 01:14:08,27.06
2026-06-16 01:14:38,27.0
2026-06-16 01:15:08,26.94
2026-06-16 01:15:38,27.0
2026-06-16 01:16:08,27.0
2026-06-16 01:16:38,27.0
2026-06-16 01:17:08,27.0
2026-06-16 01:17:38,27.06
2026-06-16 01:18:08,27.0
2026-06-16 01:18:38,27.0
2026-06-16 01:19:08,27.0
2026-06-16 01:19:38,27.0
2026-06-16 01:20:08,27.0
2026-06-16 01:20:38,27.0
2026-06-16 01:21:08,27.0
2026-06-16 01:21:38,26.94
2026-06-16 01:22:08,27.0
2026-06-16 01:22:38,27.0
2026-06-16 01:23:08,27.0
2026-06-16 01:23:38,27.0
2026-06-16 01:24:08,27.06
2026-06-16 01:24:38,27.06
2026-06-16 01:25:08,27.0
2026-06-16 01:25:38,27.06
2026-06-16 01:26:08,27.06
2026-06-16 01:26:38,27.0
2026-06-16 01:27:08,27.06
2026-06-16 01:27:38,27.06
2026-06-16 01:28:08,27.06
2026-06-16 01:28:38,27.06
2026-06-16 01:29:08,27.06
2026-06-16 01:29:38,27.0
2026-06-16 01:30:08,27.0
2026-06-16 01:30:38,27.0
2026-06-16 01:31:08,27.0
2026-06-16 01:31:38,26.94
2026-06-16 01:32:08,26.94
2026-06-16 01:32:38,26.94
2026-06-16 01:33:08,27.0
2026-06-16 01:33:38,27.0
2026-06-16 01:34:08,27.06
2026-06-16 01:34:38,27.0
2026-06-16 01:35:08,27.06
2026-06-16 01:35:38,27.06
2026-06-16 01:36:08,27.06
2026-06-16 01:36:38,27.0
2026-06-16 01:37:08,26.94
2026-06-16 01:37:38,26.94
2026-06-16 01:38:08,26.88
2026-06-16 01:38:38,26.75
2026-06-16 01:39:08,26.62
2026-06-16 01:39:38,26.56
2026-06-16 01:40:08,26.62
2026-06-16 01:40:38,26.56
2026-06-16 01:41:08,26.56
2026-06-16 01:41:38,26.5
2026-06-16 01:42:08,26.5
2026-06-16 01:42:38,26.38
2026-06-16 01:43:08,26.31
2026-06-16 01:43:38,26.25
2026-06-16 01:44:08,26.25
2026-06-16 01:44:38,26.25
2026-06-16 01:45:08,26.19
2026-06-16 01:45:38,26.12
2026-06-16 01:46:08,26.19
2026-06-16 01:46:38,26.19
2026-06-16 01:47:08,26.25
2026-06-16 01:47:38,26.31
2026-06-16 01:48:08,26.38
2026-06-16 01:48:38,26.44
2026-06-16 01:49:08,26.44
2026-06-16 01:49:38,26.44
2026-06-16 01:50:08,26.5
2026-06-16 01:50:38,26.56
2026-06-16 01:51:08,26.5
2026-06-16 01:51:38,26.56
2026-06-16 01:52:08,26.56
2026-06-16 01:52:38,26.44
2026-06-16 01:53:08,26.31
2026-06-16 01:53:38,26.25
2026-06-16 01:54:08,26.38
2026-06-16 01:54:38,26.31
2026-06-16 01:55:08,26.25
2026-06-16 01:55:38,26.12
2026-06-16 01:56:08,26.06
2026-06-16 01:56:38,26.06
2026-06-16 01:57:08,26.06
2026-06-16 01:57:38,26.0
2026-06-16 01:58:08,26.06
2026-06-16 01:58:38,26.06
2026-06-16 01:59:08,26.0
2026-06-16 01:59:38,26.0
2026-06-16 02:00:08,26.0
2026-06-16 02:00:38,26.0
2026-06-16 02:01:08,26.0
2026-06-16 02:01:38,26.0
2026-06-16 02:02:08,26.06
2026-06-16 02:02:38,26.0
2026-06-16 02:03:08,25.94
2026-06-16 02:03:38,25.94
2026-06-16 02:04:08,26.0
2026-06-16 02:04:38,25.94
2026-06-16 02:05:08,25.94
2026-06-16 02:05:38,26.0
2026-06-16 02:06:08,26.0
2026-06-16 02:06:38,26.12
2026-06-16 02:07:08,26.19
2026-06-16 02:07:38,26.25
2026-06-16 02:08:08,26.31
2026-06-16 02:08:38,26.38
2026-06-16 02:09:08,26.38
2026-06-16 02:09:38,26.44
2026-06-16 02:10:08,26.44
2026-06-16 02:10:38,26.44
2026-06-16 02:11:08,26.5
2026-06-16 02:11:38,26.5
2026-06-16 02:12:08,26.56
2026-06-16 02:12:38,26.44
2026-06-16 02:13:08,26.44
2026-06-16 02:13:38,26.5
2026-06-16 02:14:08,26.5
2026-06-16 02:14:38,26.5
2026-06-16 02:15:08,26.5
2026-06-16 02:15:38,26.5
2026-06-16 02:16:08,26.5
2026-06-16 02:16:38,26.5
2026-06-16 02:17:08,26.44
2026-06-16 02:17:38,26.38
2026-06-16 02:18:08,26.38
2026-06-16 02:18:38,26.31
2026-06-16 02:19:08,26.31
2026-06-16 02:19:38,26.31
2026-06-16 02:20:08,26.38
2026-06-16 02:20:38,26.38
2026-06-16 02:21:08,26.44
2026-06-16 02:21:38,26.44
2026-06-16 02:22:08,26.44
2026-06-16 02:22:38,26.44
2026-06-16 02:23:08,26.44
2026-06-16 02:23:38,26.38
2026-06-16 02:24:08,26.38
2026-06-16 02:24:38,26.38
2026-06-16 02:25:08,26.38
2026-06-16 02:25:38,26.38
2026-06-16 02:26:08,26.31
2026-06-16 02:26:38,26.38
2026-06-16 02:27:08,26.44
2026-06-16 02:27:38,26.38
2026-06-16 02:28:08,26.31
2026-06-16 02:28:38,26.31
2026-06-16 02:29:08,26.25
2026-06-16 02:29:41,26.25
2026-06-16 02:30:08,26.19
2026-06-16 02:30:38,26.19
2026-06-16 02:31:08,26.25
2026-06-16 02:31:38,26.31
2026-06-16 02:32:08,26.38
2026-06-16 02:32:38,26.38
2026-06-16 02:33:08,26.38
2026-06-16 02:33:38,26.44
2026-06-16 02:34:08,26.38
2026-06-16 02:34:38,26.44
2026-06-16 02:35:08,26.38
2026-06-16 02:35:38,26.38
2026-06-16 02:36:08,26.38
2026-06-16 02:36:38,26.38
2026-06-16 02:37:08,26.38
2026-06-16 02:37:38,26.38
2026-06-16 02:38:08,26.38
2026-06-16 02:38:38,26.31
2026-06-16 02:39:08,26.25
2026-06-16 02:39:38,26.19
2026-06-16 02:40:08,26.25
2026-06-16 02:40:38,26.25
2026-06-16 02:41:08,26.31
2026-06-16 02:41:38,26.31
2026-06-16 02:42:08,26.25
2026-06-16 02:42:38,26.25
2026-06-16 02:43:08,26.19
2026-06-16 02:43:38,26.12
2026-06-16 02:44:08,26.12
2026-06-16 02:44:38,26.06
2026-06-16 02:45:08,26.06
2026-06-16 02:45:38,26.06
2026-06-16 02:46:08,26.06
2026-06-16 02:46:38,26.06
2026-06-16 02:47:08,26.0
2026-06-16 02:47:38,25.94
2026-06-16 02:48:08,25.94
2026-06-16 02:48:38,26.0
2026-06-16 02:49:08,26.06
2026-06-16 02:49:38,26.19
2026-06-16 02:50:08,26.31
2026-06-16 02:50:38,26.25
2026-06-16 02:51:08,26.25
2026-06-16 02:51:38,26.25
2026-06-16 02:52:08,26.25
2026-06-16 02:52:38,26.31
2026-06-16 02:53:08,26.31
2026-06-16 02:53:38,26.31
2026-06-16 02:54:08,26.38
2026-06-16 02:54:38,26.38
2026-06-16 02:55:08,26.38
2026-06-16 02:55:38,26.31
2026-06-16 02:56:08,26.31
2026-06-16 02:56:38,26.31
2026-06-16 02:57:08,26.31
2026-06-16 02:57:38,26.38
2026-06-16 02:58:08,26.38
2026-06-16 02:58:38,26.38
2026-06-16 02:59:08,26.25
2026-06-16 02:59:38,26.25
2026-06-16 03:00:08,26.25
2026-06-16 03:00:38,26.25
2026-06-16 03:01:08,26.31
2026-06-16 03:01:38,26.31
2026-06-16 03:02:08,26.31
2026-06-16 03:02:38,26.25
2026-06-16 03:03:08,26.25
2026-06-16 03:03:38,26.19
2026-06-16 03:04:08,26.25
2026-06-16 03:04:38,26.19
2026-06-16 03:05:08,26.12
2026-06-16 03:05:38,26.12
2026-06-16 03:06:08,26.06
2026-06-16 03:06:38,26.12
2026-06-16 03:07:08,26.0
2026-06-16 03:07:38,26.0
2026-06-16 03:08:08,26.0
2026-06-16 03:08:38,26.12
2026-06-16 03:09:08,26.19
2026-06-16 03:09:38,26.19
2026-06-16 03:10:08,26.12
2026-06-16 03:10:38,26.12
2026-06-16 03:11:08,26.12
2026-06-16 03:11:38,26.12
2026-06-16 03:12:08,26.12
2026-06-16 03:12:38,26.19
2026-06-16 03:13:08,26.19
2026-06-16 03:13:38,26.19
2026-06-16 03:14:08,26.25
2026-06-16 03:14:38,26.25
2026-06-16 03:15:08,26.19
2026-06-16 03:15:38,26.12
2026-06-16 03:16:08,26.12
2026-06-16 03:16:38,26.06
2026-06-16 03:17:08,26.0
2026-06-16 03:17:38,26.06
2026-06-16 03:18:08,26.12
2026-06-16 03:18:38,26.12
2026-06-16 03:19:11,26.12
2026-06-16 03:19:38,26.12
2026-06-16 03:20:08,26.12
2026-06-16 03:20:38,26.19
2026-06-16 03:21:08,26.19
2026-06-16 03:21:38,26.12
2026-06-16 03:22:08,26.19
2026-06-16 03:22:38,26.12
2026-06-16 03:23:08,26.12
2026-06-16 03:23:38,26.0
2026-06-16 03:24:08,26.0
2026-06-16 03:24:38,25.94
2026-06-16 03:25:08,25.94
2026-06-16 03:25:38,25.94
2026-06-16 03:26:08,25.94
2026-06-16 03:26:38,25.88
2026-06-16 03:27:08,25.88
2026-06-16 03:27:38,25.88
2026-06-16 03:28:08,25.81
2026-06-16 03:28:38,25.81
2026-06-16 03:29:08,25.81
2026-06-16 03:29:38,25.81
2026-06-16 03:30:08,25.81
2026-06-16 03:30:38,25.75
2026-06-16 03:31:08,25.75
2026-06-16 03:31:38,25.75
2026-06-16 03:32:08,25.81
2026-06-16 03:32:38,25.81
2026-06-16 03:33:08,25.81
2026-06-16 03:33:38,25.88
2026-06-16 03:34:08,25.81
2026-06-16 03:34:38,25.81
2026-06-16 03:35:08,25.88
2026-06-16 03:35:38,25.81
2026-06-16 03:36:08,25.81
2026-06-16 03:36:38,25.81
2026-06-16 03:37:08,25.75
2026-06-16 03:37:38,25.75
2026-06-16 03:38:08,25.69
2026-06-16 03:38:38,25.69
2026-06-16 03:39:08,25.69
2026-06-16 03:39:38,25.69
2026-06-16 03:40:08,25.69
2026-06-16 03:40:38,25.69
2026-06-16 03:41:08,25.69
2026-06-16 03:41:38,25.75
2026-06-16 03:42:08,25.69
2026-06-16 03:42:38,25.69
2026-06-16 03:43:08,25.69
2026-06-16 03:43:38,25.75
2026-06-16 03:44:08,25.75
2026-06-16 03:44:38,25.75
2026-06-16 03:45:08,25.75
2026-06-16 03:45:38,25.69
2026-06-16 03:46:08,25.62
2026-06-16 03:46:38,25.62
2026-06-16 03:47:08,25.62
2026-06-16 03:47:38,25.62
2026-06-16 03:48:08,25.56
2026-06-16 03:48:38,25.62
2026-06-16 03:49:08,25.62
2026-06-16 03:49:38,25.62
2026-06-16 03:50:08,25.69
2026-06-16 03:50:38,25.75
2026-06-16 03:51:08,25.75
2026-06-16 03:51:38,25.69
2026-06-16 03:52:08,25.69
2026-06-16 03:52:38,25.69
2026-06-16 03:53:08,25.75
2026-06-16 03:53:38,25.69
2026-06-16 03:54:08,25.62
2026-06-16 03:54:38,25.69
2026-06-16 03:55:08,25.69
2026-06-16 03:55:38,25.62
2026-06-16 03:56:08,25.69
2026-06-16 03:56:38,25.69
2026-06-16 03:57:08,25.75
2026-06-16 03:57:38,25.69
2026-06-16 03:58:08,25.69
2026-06-16 03:58:38,25.62
2026-06-16 03:59:08,25.56
2026-06-16 03:59:38,25.56
2026-06-16 04:00:08,25.56
2026-06-16 04:00:38,25.5
2026-06-16 04:01:08,25.56
2026-06-16 04:01:38,25.56
2026-06-16 04:02:08,25.5
2026-06-16 04:02:38,25.5
2026-06-16 04:03:08,25.44
2026-06-16 04:03:38,25.44
2026-06-16 04:04:08,25.44
2026-06-16 04:04:38,25.38
2026-06-16 04:05:08,25.38
2026-06-16 04:05:38,25.38
2026-06-16 04:06:08,25.38
2026-06-16 04:06:38,25.44
2026-06-16 04:07:08,25.44
2026-06-16 04:07:38,25.44
2026-06-16 04:08:08,25.44
2026-06-16 04:08:38,25.44
2026-06-16 04:09:08,25.38
2026-06-16 04:09:38,25.38
2026-06-16 04:10:08,25.38
2026-06-16 04:10:38,25.38
2026-06-16 04:11:08,25.38
2026-06-16 04:11:38,25.38
2026-06-16 04:12:08,25.44
2026-06-16 04:12:38,25.44
2026-06-16 04:13:08,25.38
2026-06-16 04:13:38,25.44
2026-06-16 04:14:08,25.44
2026-06-16 04:14:38,25.5
2026-06-16 04:15:08,25.38
2026-06-16 04:15:38,25.44
2026-06-16 04:16:08,25.44
2026-06-16 04:16:38,25.44
2026-06-16 04:17:08,25.5
2026-06-16 04:17:38,25.44
2026-06-16 04:18:08,25.38
2026-06-16 04:18:38,25.38
2026-06-16 04:19:08,25.31
2026-06-16 04:19:38,25.31
2026-06-16 04:20:08,25.31
2026-06-16 04:20:38,25.31
2026-06-16 04:21:08,25.31
2026-06-16 04:21:38,25.38
2026-06-16 04:22:08,25.38
2026-06-16 04:22:38,25.38
2026-06-16 04:23:08,25.38
2026-06-16 04:23:38,25.31
2026-06-16 04:24:08,25.31
2026-06-16 04:24:38,25.25
2026-06-16 04:25:08,25.31
2026-06-16 04:25:38,25.25
2026-06-16 04:26:08,25.38
2026-06-16 04:26:38,25.31
2026-06-16 04:27:08,25.31
2026-06-16 04:27:38,25.25
2026-06-16 04:28:08,25.31
2026-06-16 04:28:38,25.31
2026-06-16 04:29:08,25.25
2026-06-16 04:29:38,25.31
2026-06-16 04:30:08,25.19
2026-06-16 04:30:38,25.25
2026-06-16 04:31:08,25.19
2026-06-16 04:31:38,25.25
2026-06-16 04:32:08,25.19
2026-06-16 04:32:38,25.19
2026-06-16 04:33:08,25.31
2026-06-16 04:33:38,25.19
2026-06-16 04:34:08,25.19
2026-06-16 04:34:38,25.25
2026-06-16 04:35:08,25.31
2026-06-16 04:35:38,25.19
2026-06-16 04:36:08,25.19
2026-06-16 04:36:38,25.12
2026-06-16 04:37:08,25.19
2026-06-16 04:37:38,25.19
2026-06-16 04:38:08,25.12
2026-06-16 04:38:38,25.06
2026-06-16 04:39:08,25.12
2026-06-16 04:39:38,25.06
2026-06-16 04:40:08,25.0
2026-06-16 04:40:38,25.0
2026-06-16 04:41:08,25.0
2026-06-16 04:41:38,25.0
2026-06-16 04:42:08,25.0
2026-06-16 04:42:38,25.0
2026-06-16 04:43:08,24.94
2026-06-16 04:43:38,25.0
2026-06-16 04:44:08,24.94
2026-06-16 04:44:38,24.94
2026-06-16 04:45:08,24.88
2026-06-16 04:45:38,24.94
2026-06-16 04:46:08,24.94
2026-06-16 04:46:38,24.94
2026-06-16 04:47:08,25.0
2026-06-16 04:47:38,25.06
2026-06-16 04:48:08,25.12
2026-06-16 04:48:38,25.12
2026-06-16 04:49:08,25.12
2026-06-16 04:49:38,25.06
2026-06-16 04:50:08,25.06
2026-06-16 04:50:38,25.0
2026-06-16 04:51:08,25.0
2026-06-16 04:51:38,24.94
2026-06-16 04:52:08,24.94
2026-06-16 04:52:38,24.88
2026-06-16 04:53:08,24.94
2026-06-16 04:53:38,24.94
2026-06-16 04:54:08,24.94
2026-06-16 04:54:38,25.0
2026-06-16 04:55:08,25.0
2026-06-16 04:55:38,25.0
2026-06-16 04:56:08,25.0
2026-06-16 04:56:38,25.06
2026-06-16 04:57:08,25.0
2026-06-16 04:57:38,25.0
2026-06-16 05:12:12,25.44
2026-06-16 16:48:13,23.56
2026-06-16 16:48:43,23.56
2026-06-16 16:49:13,23.56
2026-06-16 16:49:43,23.56
2026-06-16 16:50:13,23.62
2026-06-16 16:50:43,23.69
2026-06-16 16:51:13,23.75
2026-06-16 16:51:43,23.88
2026-06-16 16:52:13,23.81
